구,상점ID,상점명,관제지점코드,할증ID,할증명,할증유형,대상,판가할증액,원가할증액,시작일,종료일,프렌즈적용,권역내_적용상점수,전체_적용상점수,권역내_적용상점ID
성북구,23963,파리바게뜨 한성대역점,p943A,41154,[성북동선] 기상할증 500원,WEATHER,NORMAL,0,500,2022-07-13,,0,3,3,23963;24111;24112
성북구,23963,파리바게뜨 한성대역점,p943A,98205,[삭제 예정] [천안불당6] 장재리 1000원,POLYGON,NORMAL,1100,1000,2034-10-02,,0,130,29632,23963;24111;24112;24206;24399;30129;30134;32622;32623;33132;34727;35690;36658;37420;38767;38884;38887;41562;42272;42275;48790;51209;51418;53494;53499;53500;53569;53570;53573;53575;53665;54132;54136;54384;56033;56423;56455;59080;60739;60744;60745;60746;61115;61137;61141;64859;65076;65147;65802;65839;65841;66066;66262;67216;67218;75515;76910;83936;87752;87761;90993;95457;95461;95753;97054;97404;99998;117550;118739;118976;118978;126086;126087;126090;126232;126809;129620;136884;136890;138769;142087;148221;148362;151230;152747;154862;158869;158870;158972;160540;160712;161138;165280;165281;165565;165703;166321;167041;173387;177147;177743;180586;181733;181735;181736;181737;181739;181741;181742;181743;181744;181745;181747;185532;186220;191428;191848;193683;193684;193685;193877;193878;193879;194980;196190;196198;196907;196908;198466;203726
성북구,24111,파리바게뜨 성신여대점,p943A,41154,[성북동선] 기상할증 500원,WEATHER,NORMAL,0,500,2022-07-13,,0,3,3,23963;24111;24112
성북구,24111,파리바게뜨 성신여대점,p943A,98205,[삭제 예정] [천안불당6] 장재리 1000원,POLYGON,NORMAL,1100,1000,2034-10-02,,0,130,29632,23963;24111;24112;24206;24399;30129;30134;32622;32623;33132;34727;35690;36658;37420;38767;38884;38887;41562;42272;42275;48790;51209;51418;53494;53499;53500;53569;53570;53573;53575;53665;54132;54136;54384;56033;56423;56455;59080;60739;60744;60745;60746;61115;61137;61141;64859;65076;65147;65802;65839;65841;66066;66262;67216;67218;75515;76910;83936;87752;87761;90993;95457;95461;95753;97054;97404;99998;117550;118739;118976;118978;126086;126087;126090;126232;126809;129620;136884;136890;138769;142087;148221;148362;151230;152747;154862;158869;158870;158972;160540;160712;161138;165280;165281;165565;165703;166321;167041;173387;177147;177743;180586;181733;181735;181736;181737;181739;181741;181742;181743;181744;181745;181747;185532;186220;191428;191848;193683;193684;193685;193877;193878;193879;194980;196190;196198;196907;196908;198466;203726
성북구,24111,파리바게뜨 성신여대점,p943A,151700,[성북보문] 창신동 550원,POLYGON,NORMAL,550,0,2026-07-21,,0,6,68,24111;24112;136884;136890;148362;160712
성북구,24112,파리바게뜨 동소문점,p943A,30320,[성북보문] 길음동 550원,REGIONS,NORMAL,550,0,2022-02-23,,0,1,1,24112
성북구,24112,파리바게뜨 동소문점,p943A,41154,[성북동선] 기상할증 500원,WEATHER,NORMAL,0,500,2022-07-13,,0,3,3,23963;24111;24112
성북구,24112,파리바게뜨 동소문점,p943A,98205,[삭제 예정] [천안불당6] 장재리 1000원,POLYGON,NORMAL,1100,1000,2034-10-02,,0,130,29632,23963;24111;24112;24206;24399;30129;30134;32622;32623;33132;34727;35690;36658;37420;38767;38884;38887;41562;42272;42275;48790;51209;51418;53494;53499;53500;53569;53570;53573;53575;53665;54132;54136;54384;56033;56423;56455;59080;60739;60744;60745;60746;61115;61137;61141;64859;65076;65147;65802;65839;65841;66066;66262;67216;67218;75515;76910;83936;87752;87761;90993;95457;95461;95753;97054;97404;99998;117550;118739;118976;118978;126086;126087;126090;126232;126809;129620;136884;136890;138769;142087;148221;148362;151230;152747;154862;158869;158870;158972;160540;160712;161138;165280;165281;165565;165703;166321;167041;173387;177147;177743;180586;181733;181735;181736;181737;181739;181741;181742;181743;181744;181745;181747;185532;186220;191428;191848;193683;193684;193685;193877;193878;193879;194980;196190;196198;196907;196908;198466;203726
성북구,24112,파리바게뜨 동소문점,p943A,151700,[성북보문] 창신동 550원,POLYGON,NORMAL,550,0,2026-07-21,,0,6,68,24111;24112;136884;136890;148362;160712
성북구,24112,파리바게뜨 동소문점,p943A,151702,[성북보문] 숭인동 550원,POLYGON,NORMAL,550,0,2026-07-21,,0,4,24,24112;136884;136890;160712
성북구,24112,파리바게뜨 동소문점,p943A,151707,[성북보문] 종암동 550원,REGIONS,NORMAL,550,0,2026-07-21,,0,3,3,24112;160712;191848
성북구,24112,파리바게뜨 동소문점,p943A,151717,[성북보문] 동숭동 550원 할증,REGIONS,NORMAL,550,0,2026-07-21,,0,2,2,24112;148362
성북구,24112,파리바게뜨 동소문점,p943A,151718,"[성북보문] 정릉1,2동 550원",REGIONS,NORMAL,550,0,2026-07-21,,0,2,2,24112;148362
성동구,24206,파리바게뜨 성동구민회관점,p626A,98205,[삭제 예정] [천안불당6] 장재리 1000원,POLYGON,NORMAL,1100,1000,2034-10-02,,0,130,29632,23963;24111;24112;24206;24399;30129;30134;32622;32623;33132;34727;35690;36658;37420;38767;38884;38887;41562;42272;42275;48790;51209;51418;53494;53499;53500;53569;53570;53573;53575;53665;54132;54136;54384;56033;56423;56455;59080;60739;60744;60745;60746;61115;61137;61141;64859;65076;65147;65802;65839;65841;66066;66262;67216;67218;75515;76910;83936;87752;87761;90993;95457;95461;95753;97054;97404;99998;117550;118739;118976;118978;126086;126087;126090;126232;126809;129620;136884;136890;138769;142087;148221;148362;151230;152747;154862;158869;158870;158972;160540;160712;161138;165280;165281;165565;165703;166321;167041;173387;177147;177743;180586;181733;181735;181736;181737;181739;181741;181742;181743;181744;181745;181747;185532;186220;191428;191848;193683;193684;193685;193877;193878;193879;194980;196190;196198;196907;196908;198466;203726
성동구,24206,파리바게뜨 성동구민회관점,p626A,151452,"미배차대응_7/13~_1,500",UNCONDITIONAL,NORMAL,0,1500,2026-07-13,2026-07-22,1,88,95,24206;24399;30129;30134;32622;32623;33132;34727;35690;36658;37420;38884;38887;41562;42275;51209;51418;53569;53665;54132;54136;54384;56033;56423;60739;60744;60745;60746;64859;65802;65839;66066;67216;67218;75515;76910;83936;97404;99998;118739;118976;118978;126086;126087;126090;126232;126809;129620;138769;142087;148221;151230;152747;158869;158870;160540;161138;166321;177147;177743;180586;181733;181735;181736;181737;181739;181741;185532;186220;191428;194980;196190;196198;203726;210158;212987;216683;228336;228523;231733;233915;236669;238259;243551;248795;249299;255575;262643
성동구,24206,파리바게뜨 성동구민회관점,p626A,151705,[성동행당] 성동교 550원,REGIONS,NORMAL,550,0,2026-07-21,,0,3,5,24206;54384;99998
성동구,24399,파리바게뜨 왕십리텐즈힐점,p626A,98205,[삭제 예정] [천안불당6] 장재리 1000원,POLYGON,NORMAL,1100,1000,2034-10-02,,0,130,29632,23963;24111;24112;24206;24399;30129;30134;32622;32623;33132;34727;35690;36658;37420;38767;38884;38887;41562;42272;42275;48790;51209;51418;53494;53499;53500;53569;53570;53573;53575;53665;54132;54136;54384;56033;56423;56455;59080;60739;60744;60745;60746;61115;61137;61141;64859;65076;65147;65802;65839;65841;66066;66262;67216;67218;75515;76910;83936;87752;87761;90993;95457;95461;95753;97054;97404;99998;117550;118739;118976;118978;126086;126087;126090;126232;126809;129620;136884;136890;138769;142087;148221;148362;151230;152747;154862;158869;158870;158972;160540;160712;161138;165280;165281;165565;165703;166321;167041;173387;177147;177743;180586;181733;181735;181736;181737;181739;181741;181742;181743;181744;181745;181747;185532;186220;191428;191848;193683;193684;193685;193877;193878;193879;194980;196190;196198;196907;196908;198466;203726
성동구,24399,파리바게뜨 왕십리텐즈힐점,p626A,151452,"미배차대응_7/13~_1,500",UNCONDITIONAL,NORMAL,0,1500,2026-07-13,2026-07-22,1,88,95,24206;24399;30129;30134;32622;32623;33132;34727;35690;36658;37420;38884;38887;41562;42275;51209;51418;53569;53665;54132;54136;54384;56033;56423;60739;60744;60745;60746;64859;65802;65839;66066;67216;67218;75515;76910;83936;97404;99998;118739;118976;118978;126086;126087;126090;126232;126809;129620;138769;142087;148221;151230;152747;158869;158870;160540;161138;166321;177147;177743;180586;181733;181735;181736;181737;181739;181741;185532;186220;191428;194980;196190;196198;203726;210158;212987;216683;228336;228523;231733;233915;236669;238259;243551;248795;249299;255575;262643
성동구,24399,파리바게뜨 왕십리텐즈힐점,p626A,151714,프라임 픽업할증_550원,UNCONDITIONAL,NORMAL,550,0,2026-07-21,,0,2,2,24399;249299
성동구,24399,파리바게뜨 왕십리텐즈힐점,p626A,151764,"[중구신당] 센트라스,텐즈힐 1100",POLYGON,NORMAL,1100,0,2026-07-21,,0,1,1,24399
성동구,30129,올리브영 금호점,p626A,33928,[올리브영] 기상할증 550원,WEATHER,NORMAL,550,500,2022-03-31,,0,16,2017,30129;30134;54132;54136;158869;158870;193683;193684;193685;193877;193878;193879;196190;196198;219944;220823
성동구,30129,올리브영 금호점,p626A,98205,[삭제 예정] [천안불당6] 장재리 1000원,POLYGON,NORMAL,1100,1000,2034-10-02,,0,130,29632,23963;24111;24112;24206;24399;30129;30134;32622;32623;33132;34727;35690;36658;37420;38767;38884;38887;41562;42272;42275;48790;51209;51418;53494;53499;53500;53569;53570;53573;53575;53665;54132;54136;54384;56033;56423;56455;59080;60739;60744;60745;60746;61115;61137;61141;64859;65076;65147;65802;65839;65841;66066;66262;67216;67218;75515;76910;83936;87752;87761;90993;95457;95461;95753;97054;97404;99998;117550;118739;118976;118978;126086;126087;126090;126232;126809;129620;136884;136890;138769;142087;148221;148362;151230;152747;154862;158869;158870;158972;160540;160712;161138;165280;165281;165565;165703;166321;167041;173387;177147;177743;180586;181733;181735;181736;181737;181739;181741;181742;181743;181744;181745;181747;185532;186220;191428;191848;193683;193684;193685;193877;193878;193879;194980;196190;196198;196907;196908;198466;203726
성동구,30129,올리브영 금호점,p626A,151452,"미배차대응_7/13~_1,500",UNCONDITIONAL,NORMAL,0,1500,2026-07-13,2026-07-22,1,88,95,24206;24399;30129;30134;32622;32623;33132;34727;35690;36658;37420;38884;38887;41562;42275;51209;51418;53569;53665;54132;54136;54384;56033;56423;60739;60744;60745;60746;64859;65802;65839;66066;67216;67218;75515;76910;83936;97404;99998;118739;118976;118978;126086;126087;126090;126232;126809;129620;138769;142087;148221;151230;152747;158869;158870;160540;161138;166321;177147;177743;180586;181733;181735;181736;181737;181739;181741;185532;186220;191428;194980;196190;196198;203726;210158;212987;216683;228336;228523;231733;233915;236669;238259;243551;248795;249299;255575;262643
성동구,30134,올리브영 상왕십리역점,p626A,33928,[올리브영] 기상할증 550원,WEATHER,NORMAL,550,500,2022-03-31,,0,16,2017,30129;30134;54132;54136;158869;158870;193683;193684;193685;193877;193878;193879;196190;196198;219944;220823
성동구,30134,올리브영 상왕십리역점,p626A,98205,[삭제 예정] [천안불당6] 장재리 1000원,POLYGON,NORMAL,1100,1000,2034-10-02,,0,130,29632,23963;24111;24112;24206;24399;30129;30134;32622;32623;33132;34727;35690;36658;37420;38767;38884;38887;41562;42272;42275;48790;51209;51418;53494;53499;53500;53569;53570;53573;53575;53665;54132;54136;54384;56033;56423;56455;59080;60739;60744;60745;60746;61115;61137;61141;64859;65076;65147;65802;65839;65841;66066;66262;67216;67218;75515;76910;83936;87752;87761;90993;95457;95461;95753;97054;97404;99998;117550;118739;118976;118978;126086;126087;126090;126232;126809;129620;136884;136890;138769;142087;148221;148362;151230;152747;154862;158869;158870;158972;160540;160712;161138;165280;165281;165565;165703;166321;167041;173387;177147;177743;180586;181733;181735;181736;181737;181739;181741;181742;181743;181744;181745;181747;185532;186220;191428;191848;193683;193684;193685;193877;193878;193879;194980;196190;196198;196907;196908;198466;203726
성동구,30134,올리브영 상왕십리역점,p626A,151452,"미배차대응_7/13~_1,500",UNCONDITIONAL,NORMAL,0,1500,2026-07-13,2026-07-22,1,88,95,24206;24399;30129;30134;32622;32623;33132;34727;35690;36658;37420;38884;38887;41562;42275;51209;51418;53569;53665;54132;54136;54384;56033;56423;60739;60744;60745;60746;64859;65802;65839;66066;67216;67218;75515;76910;83936;97404;99998;118739;118976;118978;126086;126087;126090;126232;126809;129620;138769;142087;148221;151230;152747;158869;158870;160540;161138;166321;177147;177743;180586;181733;181735;181736;181737;181739;181741;185532;186220;191428;194980;196190;196198;203726;210158;212987;216683;228336;228523;231733;233915;236669;238259;243551;248795;249299;255575;262643
성동구,32622,홈플러스익스프레스 금호2점,p626A,2081,[기상할증],WEATHER,NORMAL,550,500,2018-05-02,,0,3,6,32622;32623;34727
성동구,32622,홈플러스익스프레스 금호2점,p626A,98205,[삭제 예정] [천안불당6] 장재리 1000원,POLYGON,NORMAL,1100,1000,2034-10-02,,0,130,29632,23963;24111;24112;24206;24399;30129;30134;32622;32623;33132;34727;35690;36658;37420;38767;38884;38887;41562;42272;42275;48790;51209;51418;53494;53499;53500;53569;53570;53573;53575;53665;54132;54136;54384;56033;56423;56455;59080;60739;60744;60745;60746;61115;61137;61141;64859;65076;65147;65802;65839;65841;66066;66262;67216;67218;75515;76910;83936;87752;87761;90993;95457;95461;95753;97054;97404;99998;117550;118739;118976;118978;126086;126087;126090;126232;126809;129620;136884;136890;138769;142087;148221;148362;151230;152747;154862;158869;158870;158972;160540;160712;161138;165280;165281;165565;165703;166321;167041;173387;177147;177743;180586;181733;181735;181736;181737;181739;181741;181742;181743;181744;181745;181747;185532;186220;191428;191848;193683;193684;193685;193877;193878;193879;194980;196190;196198;196907;196908;198466;203726
성동구,32622,홈플러스익스프레스 금호2점,p626A,121397,[성동행당] 신당시장할증 550,POLYGON,NORMAL,550,0,2025-04-01,,0,1,1,32622
성동구,32622,홈플러스익스프레스 금호2점,p626A,151452,"미배차대응_7/13~_1,500",UNCONDITIONAL,NORMAL,0,1500,2026-07-13,2026-07-22,1,88,95,24206;24399;30129;30134;32622;32623;33132;34727;35690;36658;37420;38884;38887;41562;42275;51209;51418;53569;53665;54132;54136;54384;56033;56423;60739;60744;60745;60746;64859;65802;65839;66066;67216;67218;75515;76910;83936;97404;99998;118739;118976;118978;126086;126087;126090;126232;126809;129620;138769;142087;148221;151230;152747;158869;158870;160540;161138;166321;177147;177743;180586;181733;181735;181736;181737;181739;181741;185532;186220;191428;194980;196190;196198;203726;210158;212987;216683;228336;228523;231733;233915;236669;238259;243551;248795;249299;255575;262643
성동구,32623,홈플러스익스프레스 신금호점,p626A,2081,[기상할증],WEATHER,NORMAL,550,500,2018-05-02,,0,3,6,32622;32623;34727
성동구,32623,홈플러스익스프레스 신금호점,p626A,98205,[삭제 예정] [천안불당6] 장재리 1000원,POLYGON,NORMAL,1100,1000,2034-10-02,,0,130,29632,23963;24111;24112;24206;24399;30129;30134;32622;32623;33132;34727;35690;36658;37420;38767;38884;38887;41562;42272;42275;48790;51209;51418;53494;53499;53500;53569;53570;53573;53575;53665;54132;54136;54384;56033;56423;56455;59080;60739;60744;60745;60746;61115;61137;61141;64859;65076;65147;65802;65839;65841;66066;66262;67216;67218;75515;76910;83936;87752;87761;90993;95457;95461;95753;97054;97404;99998;117550;118739;118976;118978;126086;126087;126090;126232;126809;129620;136884;136890;138769;142087;148221;148362;151230;152747;154862;158869;158870;158972;160540;160712;161138;165280;165281;165565;165703;166321;167041;173387;177147;177743;180586;181733;181735;181736;181737;181739;181741;181742;181743;181744;181745;181747;185532;186220;191428;191848;193683;193684;193685;193877;193878;193879;194980;196190;196198;196907;196908;198466;203726
성동구,32623,홈플러스익스프레스 신금호점,p626A,151452,"미배차대응_7/13~_1,500",UNCONDITIONAL,NORMAL,0,1500,2026-07-13,2026-07-22,1,88,95,24206;24399;30129;30134;32622;32623;33132;34727;35690;36658;37420;38884;38887;41562;42275;51209;51418;53569;53665;54132;54136;54384;56033;56423;60739;60744;60745;60746;64859;65802;65839;66066;67216;67218;75515;76910;83936;97404;99998;118739;118976;118978;126086;126087;126090;126232;126809;129620;138769;142087;148221;151230;152747;158869;158870;160540;161138;166321;177147;177743;180586;181733;181735;181736;181737;181739;181741;185532;186220;191428;194980;196190;196198;203726;210158;212987;216683;228336;228523;231733;233915;236669;238259;243551;248795;249299;255575;262643
성동구,33132,파리바게뜨 응봉점,p626A,98205,[삭제 예정] [천안불당6] 장재리 1000원,POLYGON,NORMAL,1100,1000,2034-10-02,,0,130,29632,23963;24111;24112;24206;24399;30129;30134;32622;32623;33132;34727;35690;36658;37420;38767;38884;38887;41562;42272;42275;48790;51209;51418;53494;53499;53500;53569;53570;53573;53575;53665;54132;54136;54384;56033;56423;56455;59080;60739;60744;60745;60746;61115;61137;61141;64859;65076;65147;65802;65839;65841;66066;66262;67216;67218;75515;76910;83936;87752;87761;90993;95457;95461;95753;97054;97404;99998;117550;118739;118976;118978;126086;126087;126090;126232;126809;129620;136884;136890;138769;142087;148221;148362;151230;152747;154862;158869;158870;158972;160540;160712;161138;165280;165281;165565;165703;166321;167041;173387;177147;177743;180586;181733;181735;181736;181737;181739;181741;181742;181743;181744;181745;181747;185532;186220;191428;191848;193683;193684;193685;193877;193878;193879;194980;196190;196198;196907;196908;198466;203726
성동구,33132,파리바게뜨 응봉점,p626A,151452,"미배차대응_7/13~_1,500",UNCONDITIONAL,NORMAL,0,1500,2026-07-13,2026-07-22,1,88,95,24206;24399;30129;30134;32622;32623;33132;34727;35690;36658;37420;38884;38887;41562;42275;51209;51418;53569;53665;54132;54136;54384;56033;56423;60739;60744;60745;60746;64859;65802;65839;66066;67216;67218;75515;76910;83936;97404;99998;118739;118976;118978;126086;126087;126090;126232;126809;129620;138769;142087;148221;151230;152747;158869;158870;160540;161138;166321;177147;177743;180586;181733;181735;181736;181737;181739;181741;185532;186220;191428;194980;196190;196198;203726;210158;212987;216683;228336;228523;231733;233915;236669;238259;243551;248795;249299;255575;262643
성동구,34727,초록마을 옥수직영점,p626A,2081,[기상할증],WEATHER,NORMAL,550,500,2018-05-02,,0,3,6,32622;32623;34727
성동구,34727,초록마을 옥수직영점,p626A,98205,[삭제 예정] [천안불당6] 장재리 1000원,POLYGON,NORMAL,1100,1000,2034-10-02,,0,130,29632,23963;24111;24112;24206;24399;30129;30134;32622;32623;33132;34727;35690;36658;37420;38767;38884;38887;41562;42272;42275;48790;51209;51418;53494;53499;53500;53569;53570;53573;53575;53665;54132;54136;54384;56033;56423;56455;59080;60739;60744;60745;60746;61115;61137;61141;64859;65076;65147;65802;65839;65841;66066;66262;67216;67218;75515;76910;83936;87752;87761;90993;95457;95461;95753;97054;97404;99998;117550;118739;118976;118978;126086;126087;126090;126232;126809;129620;136884;136890;138769;142087;148221;148362;151230;152747;154862;158869;158870;158972;160540;160712;161138;165280;165281;165565;165703;166321;167041;173387;177147;177743;180586;181733;181735;181736;181737;181739;181741;181742;181743;181744;181745;181747;185532;186220;191428;191848;193683;193684;193685;193877;193878;193879;194980;196190;196198;196907;196908;198466;203726
성동구,34727,초록마을 옥수직영점,p626A,151452,"미배차대응_7/13~_1,500",UNCONDITIONAL,NORMAL,0,1500,2026-07-13,2026-07-22,1,88,95,24206;24399;30129;30134;32622;32623;33132;34727;35690;36658;37420;38884;38887;41562;42275;51209;51418;53569;53665;54132;54136;54384;56033;56423;60739;60744;60745;60746;64859;65802;65839;66066;67216;67218;75515;76910;83936;97404;99998;118739;118976;118978;126086;126087;126090;126232;126809;129620;138769;142087;148221;151230;152747;158869;158870;160540;161138;166321;177147;177743;180586;181733;181735;181736;181737;181739;181741;185532;186220;191428;194980;196190;196198;203726;210158;212987;216683;228336;228523;231733;233915;236669;238259;243551;248795;249299;255575;262643
성동구,35690,홈플러스익스프레스 옥수점,p626A,10399,프라임 기상할증 550원,WEATHER,NORMAL,550,500,2020-01-28,,0,11,1473,35690;42272;97054;136884;136890;148362;180586;210158;243551;249299;255575
성동구,35690,홈플러스익스프레스 옥수점,p626A,98205,[삭제 예정] [천안불당6] 장재리 1000원,POLYGON,NORMAL,1100,1000,2034-10-02,,0,130,29632,23963;24111;24112;24206;24399;30129;30134;32622;32623;33132;34727;35690;36658;37420;38767;38884;38887;41562;42272;42275;48790;51209;51418;53494;53499;53500;53569;53570;53573;53575;53665;54132;54136;54384;56033;56423;56455;59080;60739;60744;60745;60746;61115;61137;61141;64859;65076;65147;65802;65839;65841;66066;66262;67216;67218;75515;76910;83936;87752;87761;90993;95457;95461;95753;97054;97404;99998;117550;118739;118976;118978;126086;126087;126090;126232;126809;129620;136884;136890;138769;142087;148221;148362;151230;152747;154862;158869;158870;158972;160540;160712;161138;165280;165281;165565;165703;166321;167041;173387;177147;177743;180586;181733;181735;181736;181737;181739;181741;181742;181743;181744;181745;181747;185532;186220;191428;191848;193683;193684;193685;193877;193878;193879;194980;196190;196198;196907;196908;198466;203726
성동구,35690,홈플러스익스프레스 옥수점,p626A,151452,"미배차대응_7/13~_1,500",UNCONDITIONAL,NORMAL,0,1500,2026-07-13,2026-07-22,1,88,95,24206;24399;30129;30134;32622;32623;33132;34727;35690;36658;37420;38884;38887;41562;42275;51209;51418;53569;53665;54132;54136;54384;56033;56423;60739;60744;60745;60746;64859;65802;65839;66066;67216;67218;75515;76910;83936;97404;99998;118739;118976;118978;126086;126087;126090;126232;126809;129620;138769;142087;148221;151230;152747;158869;158870;160540;161138;166321;177147;177743;180586;181733;181735;181736;181737;181739;181741;185532;186220;191428;194980;196190;196198;203726;210158;212987;216683;228336;228523;231733;233915;236669;238259;243551;248795;249299;255575;262643
성동구,36658,CU 행당대림점,p626A,98205,[삭제 예정] [천안불당6] 장재리 1000원,POLYGON,NORMAL,1100,1000,2034-10-02,,0,130,29632,23963;24111;24112;24206;24399;30129;30134;32622;32623;33132;34727;35690;36658;37420;38767;38884;38887;41562;42272;42275;48790;51209;51418;53494;53499;53500;53569;53570;53573;53575;53665;54132;54136;54384;56033;56423;56455;59080;60739;60744;60745;60746;61115;61137;61141;64859;65076;65147;65802;65839;65841;66066;66262;67216;67218;75515;76910;83936;87752;87761;90993;95457;95461;95753;97054;97404;99998;117550;118739;118976;118978;126086;126087;126090;126232;126809;129620;136884;136890;138769;142087;148221;148362;151230;152747;154862;158869;158870;158972;160540;160712;161138;165280;165281;165565;165703;166321;167041;173387;177147;177743;180586;181733;181735;181736;181737;181739;181741;181742;181743;181744;181745;181747;185532;186220;191428;191848;193683;193684;193685;193877;193878;193879;194980;196190;196198;196907;196908;198466;203726
성동구,36658,CU 행당대림점,p626A,135913,CU 기상할증,WEATHER,NORMAL,550,500,2025-10-01,,0,40,4520,36658;37420;38884;38887;41562;51209;51418;53494;53499;53500;53569;53570;53573;53575;53665;67216;67218;76910;126086;126087;126090;126232;126809;138769;142087;158972;160540;165280;165281;166321;167041;173387;186220;198466;203726;212987;228336;228523;231733;231761
성동구,36658,CU 행당대림점,p626A,151452,"미배차대응_7/13~_1,500",UNCONDITIONAL,NORMAL,0,1500,2026-07-13,2026-07-22,1,88,95,24206;24399;30129;30134;32622;32623;33132;34727;35690;36658;37420;38884;38887;41562;42275;51209;51418;53569;53665;54132;54136;54384;56033;56423;60739;60744;60745;60746;64859;65802;65839;66066;67216;67218;75515;76910;83936;97404;99998;118739;118976;118978;126086;126087;126090;126232;126809;129620;138769;142087;148221;151230;152747;158869;158870;160540;161138;166321;177147;177743;180586;181733;181735;181736;181737;181739;181741;185532;186220;191428;194980;196190;196198;203726;210158;212987;216683;228336;228523;231733;233915;236669;238259;243551;248795;249299;255575;262643
성동구,36658,CU 행당대림점,p626A,151701,CU편의점 야간할증,WEEKLY_HOURS,NORMAL,550,0,2026-07-21,,0,39,100,36658;37420;38884;38887;41562;51209;51418;53494;53499;53500;53569;53570;53573;53575;53665;67216;67218;76910;126086;126087;126090;126232;126809;138769;158972;160540;165280;165281;166321;167041;173387;186220;198466;203726;212987;228336;228523;231733;231761
성동구,37420,CU 왕십리텐즈힐점,p626A,98205,[삭제 예정] [천안불당6] 장재리 1000원,POLYGON,NORMAL,1100,1000,2034-10-02,,0,130,29632,23963;24111;24112;24206;24399;30129;30134;32622;32623;33132;34727;35690;36658;37420;38767;38884;38887;41562;42272;42275;48790;51209;51418;53494;53499;53500;53569;53570;53573;53575;53665;54132;54136;54384;56033;56423;56455;59080;60739;60744;60745;60746;61115;61137;61141;64859;65076;65147;65802;65839;65841;66066;66262;67216;67218;75515;76910;83936;87752;87761;90993;95457;95461;95753;97054;97404;99998;117550;118739;118976;118978;126086;126087;126090;126232;126809;129620;136884;136890;138769;142087;148221;148362;151230;152747;154862;158869;158870;158972;160540;160712;161138;165280;165281;165565;165703;166321;167041;173387;177147;177743;180586;181733;181735;181736;181737;181739;181741;181742;181743;181744;181745;181747;185532;186220;191428;191848;193683;193684;193685;193877;193878;193879;194980;196190;196198;196907;196908;198466;203726
성동구,37420,CU 왕십리텐즈힐점,p626A,135913,CU 기상할증,WEATHER,NORMAL,550,500,2025-10-01,,0,40,4520,36658;37420;38884;38887;41562;51209;51418;53494;53499;53500;53569;53570;53573;53575;53665;67216;67218;76910;126086;126087;126090;126232;126809;138769;142087;158972;160540;165280;165281;166321;167041;173387;186220;198466;203726;212987;228336;228523;231733;231761
성동구,37420,CU 왕십리텐즈힐점,p626A,151452,"미배차대응_7/13~_1,500",UNCONDITIONAL,NORMAL,0,1500,2026-07-13,2026-07-22,1,88,95,24206;24399;30129;30134;32622;32623;33132;34727;35690;36658;37420;38884;38887;41562;42275;51209;51418;53569;53665;54132;54136;54384;56033;56423;60739;60744;60745;60746;64859;65802;65839;66066;67216;67218;75515;76910;83936;97404;99998;118739;118976;118978;126086;126087;126090;126232;126809;129620;138769;142087;148221;151230;152747;158869;158870;160540;161138;166321;177147;177743;180586;181733;181735;181736;181737;181739;181741;185532;186220;191428;194980;196190;196198;203726;210158;212987;216683;228336;228523;231733;233915;236669;238259;243551;248795;249299;255575;262643
성동구,37420,CU 왕십리텐즈힐점,p626A,151701,CU편의점 야간할증,WEEKLY_HOURS,NORMAL,550,0,2026-07-21,,0,39,100,36658;37420;38884;38887;41562;51209;51418;53494;53499;53500;53569;53570;53573;53575;53665;67216;67218;76910;126086;126087;126090;126232;126809;138769;158972;160540;165280;165281;166321;167041;173387;186220;198466;203726;212987;228336;228523;231733;231761
성북구,38767,파리바게뜨 종암점,p943A,37893,[강북동부] 기상할증 원가 500원,WEATHER,NORMAL,0,500,2022-05-25,,0,1,17,38767
성북구,38767,파리바게뜨 종암점,p943A,98205,[삭제 예정] [천안불당6] 장재리 1000원,POLYGON,NORMAL,1100,1000,2034-10-02,,0,130,29632,23963;24111;24112;24206;24399;30129;30134;32622;32623;33132;34727;35690;36658;37420;38767;38884;38887;41562;42272;42275;48790;51209;51418;53494;53499;53500;53569;53570;53573;53575;53665;54132;54136;54384;56033;56423;56455;59080;60739;60744;60745;60746;61115;61137;61141;64859;65076;65147;65802;65839;65841;66066;66262;67216;67218;75515;76910;83936;87752;87761;90993;95457;95461;95753;97054;97404;99998;117550;118739;118976;118978;126086;126087;126090;126232;126809;129620;136884;136890;138769;142087;148221;148362;151230;152747;154862;158869;158870;158972;160540;160712;161138;165280;165281;165565;165703;166321;167041;173387;177147;177743;180586;181733;181735;181736;181737;181739;181741;181742;181743;181744;181745;181747;185532;186220;191428;191848;193683;193684;193685;193877;193878;193879;194980;196190;196198;196907;196908;198466;203726
성북구,38767,파리바게뜨 종암점,p943A,151711,[성북종암] 클라시아아파트 550원,POLYGON,NORMAL,550,0,2026-07-21,,0,3,3,38767;48790;95753
성동구,38884,CU 성동금호점,p626A,98205,[삭제 예정] [천안불당6] 장재리 1000원,POLYGON,NORMAL,1100,1000,2034-10-02,,0,130,29632,23963;24111;24112;24206;24399;30129;30134;32622;32623;33132;34727;35690;36658;37420;38767;38884;38887;41562;42272;42275;48790;51209;51418;53494;53499;53500;53569;53570;53573;53575;53665;54132;54136;54384;56033;56423;56455;59080;60739;60744;60745;60746;61115;61137;61141;64859;65076;65147;65802;65839;65841;66066;66262;67216;67218;75515;76910;83936;87752;87761;90993;95457;95461;95753;97054;97404;99998;117550;118739;118976;118978;126086;126087;126090;126232;126809;129620;136884;136890;138769;142087;148221;148362;151230;152747;154862;158869;158870;158972;160540;160712;161138;165280;165281;165565;165703;166321;167041;173387;177147;177743;180586;181733;181735;181736;181737;181739;181741;181742;181743;181744;181745;181747;185532;186220;191428;191848;193683;193684;193685;193877;193878;193879;194980;196190;196198;196907;196908;198466;203726
성동구,38884,CU 성동금호점,p626A,135913,CU 기상할증,WEATHER,NORMAL,550,500,2025-10-01,,0,40,4520,36658;37420;38884;38887;41562;51209;51418;53494;53499;53500;53569;53570;53573;53575;53665;67216;67218;76910;126086;126087;126090;126232;126809;138769;142087;158972;160540;165280;165281;166321;167041;173387;186220;198466;203726;212987;228336;228523;231733;231761
성동구,38884,CU 성동금호점,p626A,151452,"미배차대응_7/13~_1,500",UNCONDITIONAL,NORMAL,0,1500,2026-07-13,2026-07-22,1,88,95,24206;24399;30129;30134;32622;32623;33132;34727;35690;36658;37420;38884;38887;41562;42275;51209;51418;53569;53665;54132;54136;54384;56033;56423;60739;60744;60745;60746;64859;65802;65839;66066;67216;67218;75515;76910;83936;97404;99998;118739;118976;118978;126086;126087;126090;126232;126809;129620;138769;142087;148221;151230;152747;158869;158870;160540;161138;166321;177147;177743;180586;181733;181735;181736;181737;181739;181741;185532;186220;191428;194980;196190;196198;203726;210158;212987;216683;228336;228523;231733;233915;236669;238259;243551;248795;249299;255575;262643
성동구,38884,CU 성동금호점,p626A,151701,CU편의점 야간할증,WEEKLY_HOURS,NORMAL,550,0,2026-07-21,,0,39,100,36658;37420;38884;38887;41562;51209;51418;53494;53499;53500;53569;53570;53573;53575;53665;67216;67218;76910;126086;126087;126090;126232;126809;138769;158972;160540;165280;165281;166321;167041;173387;186220;198466;203726;212987;228336;228523;231733;231761
성동구,38887,CU 마장서울점,p626A,98205,[삭제 예정] [천안불당6] 장재리 1000원,POLYGON,NORMAL,1100,1000,2034-10-02,,0,130,29632,23963;24111;24112;24206;24399;30129;30134;32622;32623;33132;34727;35690;36658;37420;38767;38884;38887;41562;42272;42275;48790;51209;51418;53494;53499;53500;53569;53570;53573;53575;53665;54132;54136;54384;56033;56423;56455;59080;60739;60744;60745;60746;61115;61137;61141;64859;65076;65147;65802;65839;65841;66066;66262;67216;67218;75515;76910;83936;87752;87761;90993;95457;95461;95753;97054;97404;99998;117550;118739;118976;118978;126086;126087;126090;126232;126809;129620;136884;136890;138769;142087;148221;148362;151230;152747;154862;158869;158870;158972;160540;160712;161138;165280;165281;165565;165703;166321;167041;173387;177147;177743;180586;181733;181735;181736;181737;181739;181741;181742;181743;181744;181745;181747;185532;186220;191428;191848;193683;193684;193685;193877;193878;193879;194980;196190;196198;196907;196908;198466;203726
성동구,38887,CU 마장서울점,p626A,135913,CU 기상할증,WEATHER,NORMAL,550,500,2025-10-01,,0,40,4520,36658;37420;38884;38887;41562;51209;51418;53494;53499;53500;53569;53570;53573;53575;53665;67216;67218;76910;126086;126087;126090;126232;126809;138769;142087;158972;160540;165280;165281;166321;167041;173387;186220;198466;203726;212987;228336;228523;231733;231761
성동구,38887,CU 마장서울점,p626A,151452,"미배차대응_7/13~_1,500",UNCONDITIONAL,NORMAL,0,1500,2026-07-13,2026-07-22,1,88,95,24206;24399;30129;30134;32622;32623;33132;34727;35690;36658;37420;38884;38887;41562;42275;51209;51418;53569;53665;54132;54136;54384;56033;56423;60739;60744;60745;60746;64859;65802;65839;66066;67216;67218;75515;76910;83936;97404;99998;118739;118976;118978;126086;126087;126090;126232;126809;129620;138769;142087;148221;151230;152747;158869;158870;160540;161138;166321;177147;177743;180586;181733;181735;181736;181737;181739;181741;185532;186220;191428;194980;196190;196198;203726;210158;212987;216683;228336;228523;231733;233915;236669;238259;243551;248795;249299;255575;262643
성동구,38887,CU 마장서울점,p626A,151701,CU편의점 야간할증,WEEKLY_HOURS,NORMAL,550,0,2026-07-21,,0,39,100,36658;37420;38884;38887;41562;51209;51418;53494;53499;53500;53569;53570;53573;53575;53665;67216;67218;76910;126086;126087;126090;126232;126809;138769;158972;160540;165280;165281;166321;167041;173387;186220;198466;203726;212987;228336;228523;231733;231761
성동구,41562,CU 금호동3가점,p626A,98205,[삭제 예정] [천안불당6] 장재리 1000원,POLYGON,NORMAL,1100,1000,2034-10-02,,0,130,29632,23963;24111;24112;24206;24399;30129;30134;32622;32623;33132;34727;35690;36658;37420;38767;38884;38887;41562;42272;42275;48790;51209;51418;53494;53499;53500;53569;53570;53573;53575;53665;54132;54136;54384;56033;56423;56455;59080;60739;60744;60745;60746;61115;61137;61141;64859;65076;65147;65802;65839;65841;66066;66262;67216;67218;75515;76910;83936;87752;87761;90993;95457;95461;95753;97054;97404;99998;117550;118739;118976;118978;126086;126087;126090;126232;126809;129620;136884;136890;138769;142087;148221;148362;151230;152747;154862;158869;158870;158972;160540;160712;161138;165280;165281;165565;165703;166321;167041;173387;177147;177743;180586;181733;181735;181736;181737;181739;181741;181742;181743;181744;181745;181747;185532;186220;191428;191848;193683;193684;193685;193877;193878;193879;194980;196190;196198;196907;196908;198466;203726
성동구,41562,CU 금호동3가점,p626A,135913,CU 기상할증,WEATHER,NORMAL,550,500,2025-10-01,,0,40,4520,36658;37420;38884;38887;41562;51209;51418;53494;53499;53500;53569;53570;53573;53575;53665;67216;67218;76910;126086;126087;126090;126232;126809;138769;142087;158972;160540;165280;165281;166321;167041;173387;186220;198466;203726;212987;228336;228523;231733;231761
성동구,41562,CU 금호동3가점,p626A,151452,"미배차대응_7/13~_1,500",UNCONDITIONAL,NORMAL,0,1500,2026-07-13,2026-07-22,1,88,95,24206;24399;30129;30134;32622;32623;33132;34727;35690;36658;37420;38884;38887;41562;42275;51209;51418;53569;53665;54132;54136;54384;56033;56423;60739;60744;60745;60746;64859;65802;65839;66066;67216;67218;75515;76910;83936;97404;99998;118739;118976;118978;126086;126087;126090;126232;126809;129620;138769;142087;148221;151230;152747;158869;158870;160540;161138;166321;177147;177743;180586;181733;181735;181736;181737;181739;181741;185532;186220;191428;194980;196190;196198;203726;210158;212987;216683;228336;228523;231733;233915;236669;238259;243551;248795;249299;255575;262643
성동구,41562,CU 금호동3가점,p626A,151701,CU편의점 야간할증,WEEKLY_HOURS,NORMAL,550,0,2026-07-21,,0,39,100,36658;37420;38884;38887;41562;51209;51418;53494;53499;53500;53569;53570;53573;53575;53665;67216;67218;76910;126086;126087;126090;126232;126809;138769;158972;160540;165280;165281;166321;167041;173387;186220;198466;203726;212987;228336;228523;231733;231761
성북구,42272,홈플러스익스프레스 삼선점,p943A,10399,프라임 기상할증 550원,WEATHER,NORMAL,550,500,2020-01-28,,0,11,1473,35690;42272;97054;136884;136890;148362;180586;210158;243551;249299;255575
성북구,42272,홈플러스익스프레스 삼선점,p943A,98205,[삭제 예정] [천안불당6] 장재리 1000원,POLYGON,NORMAL,1100,1000,2034-10-02,,0,130,29632,23963;24111;24112;24206;24399;30129;30134;32622;32623;33132;34727;35690;36658;37420;38767;38884;38887;41562;42272;42275;48790;51209;51418;53494;53499;53500;53569;53570;53573;53575;53665;54132;54136;54384;56033;56423;56455;59080;60739;60744;60745;60746;61115;61137;61141;64859;65076;65147;65802;65839;65841;66066;66262;67216;67218;75515;76910;83936;87752;87761;90993;95457;95461;95753;97054;97404;99998;117550;118739;118976;118978;126086;126087;126090;126232;126809;129620;136884;136890;138769;142087;148221;148362;151230;152747;154862;158869;158870;158972;160540;160712;161138;165280;165281;165565;165703;166321;167041;173387;177147;177743;180586;181733;181735;181736;181737;181739;181741;181742;181743;181744;181745;181747;185532;186220;191428;191848;193683;193684;193685;193877;193878;193879;194980;196190;196198;196907;196908;198466;203726
성동구,42275,왕십리점 홈플러스익스프레스,p626A,6759,[성동행당] 기상할증 550원,WEATHER,NORMAL,550,500,2019-05-17,,0,2,3,42275;83936
성동구,42275,왕십리점 홈플러스익스프레스,p626A,98205,[삭제 예정] [천안불당6] 장재리 1000원,POLYGON,NORMAL,1100,1000,2034-10-02,,0,130,29632,23963;24111;24112;24206;24399;30129;30134;32622;32623;33132;34727;35690;36658;37420;38767;38884;38887;41562;42272;42275;48790;51209;51418;53494;53499;53500;53569;53570;53573;53575;53665;54132;54136;54384;56033;56423;56455;59080;60739;60744;60745;60746;61115;61137;61141;64859;65076;65147;65802;65839;65841;66066;66262;67216;67218;75515;76910;83936;87752;87761;90993;95457;95461;95753;97054;97404;99998;117550;118739;118976;118978;126086;126087;126090;126232;126809;129620;136884;136890;138769;142087;148221;148362;151230;152747;154862;158869;158870;158972;160540;160712;161138;165280;165281;165565;165703;166321;167041;173387;177147;177743;180586;181733;181735;181736;181737;181739;181741;181742;181743;181744;181745;181747;185532;186220;191428;191848;193683;193684;193685;193877;193878;193879;194980;196190;196198;196907;196908;198466;203726
성동구,42275,왕십리점 홈플러스익스프레스,p626A,151452,"미배차대응_7/13~_1,500",UNCONDITIONAL,NORMAL,0,1500,2026-07-13,2026-07-22,1,88,95,24206;24399;30129;30134;32622;32623;33132;34727;35690;36658;37420;38884;38887;41562;42275;51209;51418;53569;53665;54132;54136;54384;56033;56423;60739;60744;60745;60746;64859;65802;65839;66066;67216;67218;75515;76910;83936;97404;99998;118739;118976;118978;126086;126087;126090;126232;126809;129620;138769;142087;148221;151230;152747;158869;158870;160540;161138;166321;177147;177743;180586;181733;181735;181736;181737;181739;181741;185532;186220;191428;194980;196190;196198;203726;210158;212987;216683;228336;228523;231733;233915;236669;238259;243551;248795;249299;255575;262643
성북구,48790,맥도날드 종암SK점,p943A,5987,[법인] 기상할증,WEATHER,NORMAL,550,500,2019-03-06,,0,1,265,48790
성북구,48790,맥도날드 종암SK점,p943A,98205,[삭제 예정] [천안불당6] 장재리 1000원,POLYGON,NORMAL,1100,1000,2034-10-02,,0,130,29632,23963;24111;24112;24206;24399;30129;30134;32622;32623;33132;34727;35690;36658;37420;38767;38884;38887;41562;42272;42275;48790;51209;51418;53494;53499;53500;53569;53570;53573;53575;53665;54132;54136;54384;56033;56423;56455;59080;60739;60744;60745;60746;61115;61137;61141;64859;65076;65147;65802;65839;65841;66066;66262;67216;67218;75515;76910;83936;87752;87761;90993;95457;95461;95753;97054;97404;99998;117550;118739;118976;118978;126086;126087;126090;126232;126809;129620;136884;136890;138769;142087;148221;148362;151230;152747;154862;158869;158870;158972;160540;160712;161138;165280;165281;165565;165703;166321;167041;173387;177147;177743;180586;181733;181735;181736;181737;181739;181741;181742;181743;181744;181745;181747;185532;186220;191428;191848;193683;193684;193685;193877;193878;193879;194980;196190;196198;196907;196908;198466;203726
성북구,48790,맥도날드 종암SK점,p943A,151711,[성북종암] 클라시아아파트 550원,POLYGON,NORMAL,550,0,2026-07-21,,0,3,3,38767;48790;95753
성북구,48790,맥도날드 종암SK점,p943A,151760,25년 맥도날드 야간(00→06),WEEKLY_HOURS,NORMAL,550,0,2026-07-21,,0,1,1,48790
성북구,48790,맥도날드 종암SK점,p943A,151762,25년 맥도날드 야간(06→10),WEEKLY_HOURS,NORMAL,550,0,2026-07-21,,0,1,1,48790
성동구,51209,CU 금호한신점,p626A,98205,[삭제 예정] [천안불당6] 장재리 1000원,POLYGON,NORMAL,1100,1000,2034-10-02,,0,130,29632,23963;24111;24112;24206;24399;30129;30134;32622;32623;33132;34727;35690;36658;37420;38767;38884;38887;41562;42272;42275;48790;51209;51418;53494;53499;53500;53569;53570;53573;53575;53665;54132;54136;54384;56033;56423;56455;59080;60739;60744;60745;60746;61115;61137;61141;64859;65076;65147;65802;65839;65841;66066;66262;67216;67218;75515;76910;83936;87752;87761;90993;95457;95461;95753;97054;97404;99998;117550;118739;118976;118978;126086;126087;126090;126232;126809;129620;136884;136890;138769;142087;148221;148362;151230;152747;154862;158869;158870;158972;160540;160712;161138;165280;165281;165565;165703;166321;167041;173387;177147;177743;180586;181733;181735;181736;181737;181739;181741;181742;181743;181744;181745;181747;185532;186220;191428;191848;193683;193684;193685;193877;193878;193879;194980;196190;196198;196907;196908;198466;203726
성동구,51209,CU 금호한신점,p626A,135913,CU 기상할증,WEATHER,NORMAL,550,500,2025-10-01,,0,40,4520,36658;37420;38884;38887;41562;51209;51418;53494;53499;53500;53569;53570;53573;53575;53665;67216;67218;76910;126086;126087;126090;126232;126809;138769;142087;158972;160540;165280;165281;166321;167041;173387;186220;198466;203726;212987;228336;228523;231733;231761
성동구,51209,CU 금호한신점,p626A,151452,"미배차대응_7/13~_1,500",UNCONDITIONAL,NORMAL,0,1500,2026-07-13,2026-07-22,1,88,95,24206;24399;30129;30134;32622;32623;33132;34727;35690;36658;37420;38884;38887;41562;42275;51209;51418;53569;53665;54132;54136;54384;56033;56423;60739;60744;60745;60746;64859;65802;65839;66066;67216;67218;75515;76910;83936;97404;99998;118739;118976;118978;126086;126087;126090;126232;126809;129620;138769;142087;148221;151230;152747;158869;158870;160540;161138;166321;177147;177743;180586;181733;181735;181736;181737;181739;181741;185532;186220;191428;194980;196190;196198;203726;210158;212987;216683;228336;228523;231733;233915;236669;238259;243551;248795;249299;255575;262643
성동구,51209,CU 금호한신점,p626A,151701,CU편의점 야간할증,WEEKLY_HOURS,NORMAL,550,0,2026-07-21,,0,39,100,36658;37420;38884;38887;41562;51209;51418;53494;53499;53500;53569;53570;53573;53575;53665;67216;67218;76910;126086;126087;126090;126232;126809;138769;158972;160540;165280;165281;166321;167041;173387;186220;198466;203726;212987;228336;228523;231733;231761
성동구,51418,CU 성동마장로점,p626A,98205,[삭제 예정] [천안불당6] 장재리 1000원,POLYGON,NORMAL,1100,1000,2034-10-02,,0,130,29632,23963;24111;24112;24206;24399;30129;30134;32622;32623;33132;34727;35690;36658;37420;38767;38884;38887;41562;42272;42275;48790;51209;51418;53494;53499;53500;53569;53570;53573;53575;53665;54132;54136;54384;56033;56423;56455;59080;60739;60744;60745;60746;61115;61137;61141;64859;65076;65147;65802;65839;65841;66066;66262;67216;67218;75515;76910;83936;87752;87761;90993;95457;95461;95753;97054;97404;99998;117550;118739;118976;118978;126086;126087;126090;126232;126809;129620;136884;136890;138769;142087;148221;148362;151230;152747;154862;158869;158870;158972;160540;160712;161138;165280;165281;165565;165703;166321;167041;173387;177147;177743;180586;181733;181735;181736;181737;181739;181741;181742;181743;181744;181745;181747;185532;186220;191428;191848;193683;193684;193685;193877;193878;193879;194980;196190;196198;196907;196908;198466;203726
성동구,51418,CU 성동마장로점,p626A,135913,CU 기상할증,WEATHER,NORMAL,550,500,2025-10-01,,0,40,4520,36658;37420;38884;38887;41562;51209;51418;53494;53499;53500;53569;53570;53573;53575;53665;67216;67218;76910;126086;126087;126090;126232;126809;138769;142087;158972;160540;165280;165281;166321;167041;173387;186220;198466;203726;212987;228336;228523;231733;231761
성동구,51418,CU 성동마장로점,p626A,151452,"미배차대응_7/13~_1,500",UNCONDITIONAL,NORMAL,0,1500,2026-07-13,2026-07-22,1,88,95,24206;24399;30129;30134;32622;32623;33132;34727;35690;36658;37420;38884;38887;41562;42275;51209;51418;53569;53665;54132;54136;54384;56033;56423;60739;60744;60745;60746;64859;65802;65839;66066;67216;67218;75515;76910;83936;97404;99998;118739;118976;118978;126086;126087;126090;126232;126809;129620;138769;142087;148221;151230;152747;158869;158870;160540;161138;166321;177147;177743;180586;181733;181735;181736;181737;181739;181741;185532;186220;191428;194980;196190;196198;203726;210158;212987;216683;228336;228523;231733;233915;236669;238259;243551;248795;249299;255575;262643
성동구,51418,CU 성동마장로점,p626A,151701,CU편의점 야간할증,WEEKLY_HOURS,NORMAL,550,0,2026-07-21,,0,39,100,36658;37420;38884;38887;41562;51209;51418;53494;53499;53500;53569;53570;53573;53575;53665;67216;67218;76910;126086;126087;126090;126232;126809;138769;158972;160540;165280;165281;166321;167041;173387;186220;198466;203726;212987;228336;228523;231733;231761
성북구,53494,CU 돈암풍림점,p943A,98205,[삭제 예정] [천안불당6] 장재리 1000원,POLYGON,NORMAL,1100,1000,2034-10-02,,0,130,29632,23963;24111;24112;24206;24399;30129;30134;32622;32623;33132;34727;35690;36658;37420;38767;38884;38887;41562;42272;42275;48790;51209;51418;53494;53499;53500;53569;53570;53573;53575;53665;54132;54136;54384;56033;56423;56455;59080;60739;60744;60745;60746;61115;61137;61141;64859;65076;65147;65802;65839;65841;66066;66262;67216;67218;75515;76910;83936;87752;87761;90993;95457;95461;95753;97054;97404;99998;117550;118739;118976;118978;126086;126087;126090;126232;126809;129620;136884;136890;138769;142087;148221;148362;151230;152747;154862;158869;158870;158972;160540;160712;161138;165280;165281;165565;165703;166321;167041;173387;177147;177743;180586;181733;181735;181736;181737;181739;181741;181742;181743;181744;181745;181747;185532;186220;191428;191848;193683;193684;193685;193877;193878;193879;194980;196190;196198;196907;196908;198466;203726
성북구,53494,CU 돈암풍림점,p943A,135913,CU 기상할증,WEATHER,NORMAL,550,500,2025-10-01,,0,40,4520,36658;37420;38884;38887;41562;51209;51418;53494;53499;53500;53569;53570;53573;53575;53665;67216;67218;76910;126086;126087;126090;126232;126809;138769;142087;158972;160540;165280;165281;166321;167041;173387;186220;198466;203726;212987;228336;228523;231733;231761
성북구,53494,CU 돈암풍림점,p943A,151701,CU편의점 야간할증,WEEKLY_HOURS,NORMAL,550,0,2026-07-21,,0,39,100,36658;37420;38884;38887;41562;51209;51418;53494;53499;53500;53569;53570;53573;53575;53665;67216;67218;76910;126086;126087;126090;126232;126809;138769;158972;160540;165280;165281;166321;167041;173387;186220;198466;203726;212987;228336;228523;231733;231761
성북구,53499,CU 동소문중앙점,p943A,98205,[삭제 예정] [천안불당6] 장재리 1000원,POLYGON,NORMAL,1100,1000,2034-10-02,,0,130,29632,23963;24111;24112;24206;24399;30129;30134;32622;32623;33132;34727;35690;36658;37420;38767;38884;38887;41562;42272;42275;48790;51209;51418;53494;53499;53500;53569;53570;53573;53575;53665;54132;54136;54384;56033;56423;56455;59080;60739;60744;60745;60746;61115;61137;61141;64859;65076;65147;65802;65839;65841;66066;66262;67216;67218;75515;76910;83936;87752;87761;90993;95457;95461;95753;97054;97404;99998;117550;118739;118976;118978;126086;126087;126090;126232;126809;129620;136884;136890;138769;142087;148221;148362;151230;152747;154862;158869;158870;158972;160540;160712;161138;165280;165281;165565;165703;166321;167041;173387;177147;177743;180586;181733;181735;181736;181737;181739;181741;181742;181743;181744;181745;181747;185532;186220;191428;191848;193683;193684;193685;193877;193878;193879;194980;196190;196198;196907;196908;198466;203726
성북구,53499,CU 동소문중앙점,p943A,135913,CU 기상할증,WEATHER,NORMAL,550,500,2025-10-01,,0,40,4520,36658;37420;38884;38887;41562;51209;51418;53494;53499;53500;53569;53570;53573;53575;53665;67216;67218;76910;126086;126087;126090;126232;126809;138769;142087;158972;160540;165280;165281;166321;167041;173387;186220;198466;203726;212987;228336;228523;231733;231761
성북구,53499,CU 동소문중앙점,p943A,151701,CU편의점 야간할증,WEEKLY_HOURS,NORMAL,550,0,2026-07-21,,0,39,100,36658;37420;38884;38887;41562;51209;51418;53494;53499;53500;53569;53570;53573;53575;53665;67216;67218;76910;126086;126087;126090;126232;126809;138769;158972;160540;165280;165281;166321;167041;173387;186220;198466;203726;212987;228336;228523;231733;231761
성북구,53500,CU 동소문태양점,p943A,98205,[삭제 예정] [천안불당6] 장재리 1000원,POLYGON,NORMAL,1100,1000,2034-10-02,,0,130,29632,23963;24111;24112;24206;24399;30129;30134;32622;32623;33132;34727;35690;36658;37420;38767;38884;38887;41562;42272;42275;48790;51209;51418;53494;53499;53500;53569;53570;53573;53575;53665;54132;54136;54384;56033;56423;56455;59080;60739;60744;60745;60746;61115;61137;61141;64859;65076;65147;65802;65839;65841;66066;66262;67216;67218;75515;76910;83936;87752;87761;90993;95457;95461;95753;97054;97404;99998;117550;118739;118976;118978;126086;126087;126090;126232;126809;129620;136884;136890;138769;142087;148221;148362;151230;152747;154862;158869;158870;158972;160540;160712;161138;165280;165281;165565;165703;166321;167041;173387;177147;177743;180586;181733;181735;181736;181737;181739;181741;181742;181743;181744;181745;181747;185532;186220;191428;191848;193683;193684;193685;193877;193878;193879;194980;196190;196198;196907;196908;198466;203726
성북구,53500,CU 동소문태양점,p943A,135913,CU 기상할증,WEATHER,NORMAL,550,500,2025-10-01,,0,40,4520,36658;37420;38884;38887;41562;51209;51418;53494;53499;53500;53569;53570;53573;53575;53665;67216;67218;76910;126086;126087;126090;126232;126809;138769;142087;158972;160540;165280;165281;166321;167041;173387;186220;198466;203726;212987;228336;228523;231733;231761
성북구,53500,CU 동소문태양점,p943A,151701,CU편의점 야간할증,WEEKLY_HOURS,NORMAL,550,0,2026-07-21,,0,39,100,36658;37420;38884;38887;41562;51209;51418;53494;53499;53500;53569;53570;53573;53575;53665;67216;67218;76910;126086;126087;126090;126232;126809;138769;158972;160540;165280;165281;166321;167041;173387;186220;198466;203726;212987;228336;228523;231733;231761
성동구,53569,CU 성동행당점,p626A,98205,[삭제 예정] [천안불당6] 장재리 1000원,POLYGON,NORMAL,1100,1000,2034-10-02,,0,130,29632,23963;24111;24112;24206;24399;30129;30134;32622;32623;33132;34727;35690;36658;37420;38767;38884;38887;41562;42272;42275;48790;51209;51418;53494;53499;53500;53569;53570;53573;53575;53665;54132;54136;54384;56033;56423;56455;59080;60739;60744;60745;60746;61115;61137;61141;64859;65076;65147;65802;65839;65841;66066;66262;67216;67218;75515;76910;83936;87752;87761;90993;95457;95461;95753;97054;97404;99998;117550;118739;118976;118978;126086;126087;126090;126232;126809;129620;136884;136890;138769;142087;148221;148362;151230;152747;154862;158869;158870;158972;160540;160712;161138;165280;165281;165565;165703;166321;167041;173387;177147;177743;180586;181733;181735;181736;181737;181739;181741;181742;181743;181744;181745;181747;185532;186220;191428;191848;193683;193684;193685;193877;193878;193879;194980;196190;196198;196907;196908;198466;203726
성동구,53569,CU 성동행당점,p626A,135913,CU 기상할증,WEATHER,NORMAL,550,500,2025-10-01,,0,40,4520,36658;37420;38884;38887;41562;51209;51418;53494;53499;53500;53569;53570;53573;53575;53665;67216;67218;76910;126086;126087;126090;126232;126809;138769;142087;158972;160540;165280;165281;166321;167041;173387;186220;198466;203726;212987;228336;228523;231733;231761
성동구,53569,CU 성동행당점,p626A,151452,"미배차대응_7/13~_1,500",UNCONDITIONAL,NORMAL,0,1500,2026-07-13,2026-07-22,1,88,95,24206;24399;30129;30134;32622;32623;33132;34727;35690;36658;37420;38884;38887;41562;42275;51209;51418;53569;53665;54132;54136;54384;56033;56423;60739;60744;60745;60746;64859;65802;65839;66066;67216;67218;75515;76910;83936;97404;99998;118739;118976;118978;126086;126087;126090;126232;126809;129620;138769;142087;148221;151230;152747;158869;158870;160540;161138;166321;177147;177743;180586;181733;181735;181736;181737;181739;181741;185532;186220;191428;194980;196190;196198;203726;210158;212987;216683;228336;228523;231733;233915;236669;238259;243551;248795;249299;255575;262643
성동구,53569,CU 성동행당점,p626A,151701,CU편의점 야간할증,WEEKLY_HOURS,NORMAL,550,0,2026-07-21,,0,39,100,36658;37420;38884;38887;41562;51209;51418;53494;53499;53500;53569;53570;53573;53575;53665;67216;67218;76910;126086;126087;126090;126232;126809;138769;158972;160540;165280;165281;166321;167041;173387;186220;198466;203726;212987;228336;228523;231733;231761
성북구,53570,CU 성북로데오점,p943A,98205,[삭제 예정] [천안불당6] 장재리 1000원,POLYGON,NORMAL,1100,1000,2034-10-02,,0,130,29632,23963;24111;24112;24206;24399;30129;30134;32622;32623;33132;34727;35690;36658;37420;38767;38884;38887;41562;42272;42275;48790;51209;51418;53494;53499;53500;53569;53570;53573;53575;53665;54132;54136;54384;56033;56423;56455;59080;60739;60744;60745;60746;61115;61137;61141;64859;65076;65147;65802;65839;65841;66066;66262;67216;67218;75515;76910;83936;87752;87761;90993;95457;95461;95753;97054;97404;99998;117550;118739;118976;118978;126086;126087;126090;126232;126809;129620;136884;136890;138769;142087;148221;148362;151230;152747;154862;158869;158870;158972;160540;160712;161138;165280;165281;165565;165703;166321;167041;173387;177147;177743;180586;181733;181735;181736;181737;181739;181741;181742;181743;181744;181745;181747;185532;186220;191428;191848;193683;193684;193685;193877;193878;193879;194980;196190;196198;196907;196908;198466;203726
성북구,53570,CU 성북로데오점,p943A,135913,CU 기상할증,WEATHER,NORMAL,550,500,2025-10-01,,0,40,4520,36658;37420;38884;38887;41562;51209;51418;53494;53499;53500;53569;53570;53573;53575;53665;67216;67218;76910;126086;126087;126090;126232;126809;138769;142087;158972;160540;165280;165281;166321;167041;173387;186220;198466;203726;212987;228336;228523;231733;231761
성북구,53570,CU 성북로데오점,p943A,151701,CU편의점 야간할증,WEEKLY_HOURS,NORMAL,550,0,2026-07-21,,0,39,100,36658;37420;38884;38887;41562;51209;51418;53494;53499;53500;53569;53570;53573;53575;53665;67216;67218;76910;126086;126087;126090;126232;126809;138769;158972;160540;165280;165281;166321;167041;173387;186220;198466;203726;212987;228336;228523;231733;231761
성북구,53573,CU 성북삼선교점,p943A,98205,[삭제 예정] [천안불당6] 장재리 1000원,POLYGON,NORMAL,1100,1000,2034-10-02,,0,130,29632,23963;24111;24112;24206;24399;30129;30134;32622;32623;33132;34727;35690;36658;37420;38767;38884;38887;41562;42272;42275;48790;51209;51418;53494;53499;53500;53569;53570;53573;53575;53665;54132;54136;54384;56033;56423;56455;59080;60739;60744;60745;60746;61115;61137;61141;64859;65076;65147;65802;65839;65841;66066;66262;67216;67218;75515;76910;83936;87752;87761;90993;95457;95461;95753;97054;97404;99998;117550;118739;118976;118978;126086;126087;126090;126232;126809;129620;136884;136890;138769;142087;148221;148362;151230;152747;154862;158869;158870;158972;160540;160712;161138;165280;165281;165565;165703;166321;167041;173387;177147;177743;180586;181733;181735;181736;181737;181739;181741;181742;181743;181744;181745;181747;185532;186220;191428;191848;193683;193684;193685;193877;193878;193879;194980;196190;196198;196907;196908;198466;203726
성북구,53573,CU 성북삼선교점,p943A,135913,CU 기상할증,WEATHER,NORMAL,550,500,2025-10-01,,0,40,4520,36658;37420;38884;38887;41562;51209;51418;53494;53499;53500;53569;53570;53573;53575;53665;67216;67218;76910;126086;126087;126090;126232;126809;138769;142087;158972;160540;165280;165281;166321;167041;173387;186220;198466;203726;212987;228336;228523;231733;231761
성북구,53573,CU 성북삼선교점,p943A,151701,CU편의점 야간할증,WEEKLY_HOURS,NORMAL,550,0,2026-07-21,,0,39,100,36658;37420;38884;38887;41562;51209;51418;53494;53499;53500;53569;53570;53573;53575;53665;67216;67218;76910;126086;126087;126090;126232;126809;138769;158972;160540;165280;165281;166321;167041;173387;186220;198466;203726;212987;228336;228523;231733;231761
성북구,53575,CU 성북점,p943A,98205,[삭제 예정] [천안불당6] 장재리 1000원,POLYGON,NORMAL,1100,1000,2034-10-02,,0,130,29632,23963;24111;24112;24206;24399;30129;30134;32622;32623;33132;34727;35690;36658;37420;38767;38884;38887;41562;42272;42275;48790;51209;51418;53494;53499;53500;53569;53570;53573;53575;53665;54132;54136;54384;56033;56423;56455;59080;60739;60744;60745;60746;61115;61137;61141;64859;65076;65147;65802;65839;65841;66066;66262;67216;67218;75515;76910;83936;87752;87761;90993;95457;95461;95753;97054;97404;99998;117550;118739;118976;118978;126086;126087;126090;126232;126809;129620;136884;136890;138769;142087;148221;148362;151230;152747;154862;158869;158870;158972;160540;160712;161138;165280;165281;165565;165703;166321;167041;173387;177147;177743;180586;181733;181735;181736;181737;181739;181741;181742;181743;181744;181745;181747;185532;186220;191428;191848;193683;193684;193685;193877;193878;193879;194980;196190;196198;196907;196908;198466;203726
성북구,53575,CU 성북점,p943A,135913,CU 기상할증,WEATHER,NORMAL,550,500,2025-10-01,,0,40,4520,36658;37420;38884;38887;41562;51209;51418;53494;53499;53500;53569;53570;53573;53575;53665;67216;67218;76910;126086;126087;126090;126232;126809;138769;142087;158972;160540;165280;165281;166321;167041;173387;186220;198466;203726;212987;228336;228523;231733;231761
성북구,53575,CU 성북점,p943A,151701,CU편의점 야간할증,WEEKLY_HOURS,NORMAL,550,0,2026-07-21,,0,39,100,36658;37420;38884;38887;41562;51209;51418;53494;53499;53500;53569;53570;53573;53575;53665;67216;67218;76910;126086;126087;126090;126232;126809;138769;158972;160540;165280;165281;166321;167041;173387;186220;198466;203726;212987;228336;228523;231733;231761
성동구,53665,CU 왕십리2동점,p626A,98205,[삭제 예정] [천안불당6] 장재리 1000원,POLYGON,NORMAL,1100,1000,2034-10-02,,0,130,29632,23963;24111;24112;24206;24399;30129;30134;32622;32623;33132;34727;35690;36658;37420;38767;38884;38887;41562;42272;42275;48790;51209;51418;53494;53499;53500;53569;53570;53573;53575;53665;54132;54136;54384;56033;56423;56455;59080;60739;60744;60745;60746;61115;61137;61141;64859;65076;65147;65802;65839;65841;66066;66262;67216;67218;75515;76910;83936;87752;87761;90993;95457;95461;95753;97054;97404;99998;117550;118739;118976;118978;126086;126087;126090;126232;126809;129620;136884;136890;138769;142087;148221;148362;151230;152747;154862;158869;158870;158972;160540;160712;161138;165280;165281;165565;165703;166321;167041;173387;177147;177743;180586;181733;181735;181736;181737;181739;181741;181742;181743;181744;181745;181747;185532;186220;191428;191848;193683;193684;193685;193877;193878;193879;194980;196190;196198;196907;196908;198466;203726
성동구,53665,CU 왕십리2동점,p626A,135913,CU 기상할증,WEATHER,NORMAL,550,500,2025-10-01,,0,40,4520,36658;37420;38884;38887;41562;51209;51418;53494;53499;53500;53569;53570;53573;53575;53665;67216;67218;76910;126086;126087;126090;126232;126809;138769;142087;158972;160540;165280;165281;166321;167041;173387;186220;198466;203726;212987;228336;228523;231733;231761
성동구,53665,CU 왕십리2동점,p626A,151452,"미배차대응_7/13~_1,500",UNCONDITIONAL,NORMAL,0,1500,2026-07-13,2026-07-22,1,88,95,24206;24399;30129;30134;32622;32623;33132;34727;35690;36658;37420;38884;38887;41562;42275;51209;51418;53569;53665;54132;54136;54384;56033;56423;60739;60744;60745;60746;64859;65802;65839;66066;67216;67218;75515;76910;83936;97404;99998;118739;118976;118978;126086;126087;126090;126232;126809;129620;138769;142087;148221;151230;152747;158869;158870;160540;161138;166321;177147;177743;180586;181733;181735;181736;181737;181739;181741;185532;186220;191428;194980;196190;196198;203726;210158;212987;216683;228336;228523;231733;233915;236669;238259;243551;248795;249299;255575;262643
성동구,53665,CU 왕십리2동점,p626A,151701,CU편의점 야간할증,WEEKLY_HOURS,NORMAL,550,0,2026-07-21,,0,39,100,36658;37420;38884;38887;41562;51209;51418;53494;53499;53500;53569;53570;53573;53575;53665;67216;67218;76910;126086;126087;126090;126232;126809;138769;158972;160540;165280;165281;166321;167041;173387;186220;198466;203726;212987;228336;228523;231733;231761
성동구,54132,[유휴]올리브영 상왕십리역점,p626A,33928,[올리브영] 기상할증 550원,WEATHER,NORMAL,550,500,2022-03-31,,0,16,2017,30129;30134;54132;54136;158869;158870;193683;193684;193685;193877;193878;193879;196190;196198;219944;220823
성동구,54132,[유휴]올리브영 상왕십리역점,p626A,98205,[삭제 예정] [천안불당6] 장재리 1000원,POLYGON,NORMAL,1100,1000,2034-10-02,,0,130,29632,23963;24111;24112;24206;24399;30129;30134;32622;32623;33132;34727;35690;36658;37420;38767;38884;38887;41562;42272;42275;48790;51209;51418;53494;53499;53500;53569;53570;53573;53575;53665;54132;54136;54384;56033;56423;56455;59080;60739;60744;60745;60746;61115;61137;61141;64859;65076;65147;65802;65839;65841;66066;66262;67216;67218;75515;76910;83936;87752;87761;90993;95457;95461;95753;97054;97404;99998;117550;118739;118976;118978;126086;126087;126090;126232;126809;129620;136884;136890;138769;142087;148221;148362;151230;152747;154862;158869;158870;158972;160540;160712;161138;165280;165281;165565;165703;166321;167041;173387;177147;177743;180586;181733;181735;181736;181737;181739;181741;181742;181743;181744;181745;181747;185532;186220;191428;191848;193683;193684;193685;193877;193878;193879;194980;196190;196198;196907;196908;198466;203726
성동구,54132,[유휴]올리브영 상왕십리역점,p626A,151452,"미배차대응_7/13~_1,500",UNCONDITIONAL,NORMAL,0,1500,2026-07-13,2026-07-22,1,88,95,24206;24399;30129;30134;32622;32623;33132;34727;35690;36658;37420;38884;38887;41562;42275;51209;51418;53569;53665;54132;54136;54384;56033;56423;60739;60744;60745;60746;64859;65802;65839;66066;67216;67218;75515;76910;83936;97404;99998;118739;118976;118978;126086;126087;126090;126232;126809;129620;138769;142087;148221;151230;152747;158869;158870;160540;161138;166321;177147;177743;180586;181733;181735;181736;181737;181739;181741;185532;186220;191428;194980;196190;196198;203726;210158;212987;216683;228336;228523;231733;233915;236669;238259;243551;248795;249299;255575;262643
성동구,54136,[유휴]올리브영 금호점,p626A,33928,[올리브영] 기상할증 550원,WEATHER,NORMAL,550,500,2022-03-31,,0,16,2017,30129;30134;54132;54136;158869;158870;193683;193684;193685;193877;193878;193879;196190;196198;219944;220823
성동구,54136,[유휴]올리브영 금호점,p626A,98205,[삭제 예정] [천안불당6] 장재리 1000원,POLYGON,NORMAL,1100,1000,2034-10-02,,0,130,29632,23963;24111;24112;24206;24399;30129;30134;32622;32623;33132;34727;35690;36658;37420;38767;38884;38887;41562;42272;42275;48790;51209;51418;53494;53499;53500;53569;53570;53573;53575;53665;54132;54136;54384;56033;56423;56455;59080;60739;60744;60745;60746;61115;61137;61141;64859;65076;65147;65802;65839;65841;66066;66262;67216;67218;75515;76910;83936;87752;87761;90993;95457;95461;95753;97054;97404;99998;117550;118739;118976;118978;126086;126087;126090;126232;126809;129620;136884;136890;138769;142087;148221;148362;151230;152747;154862;158869;158870;158972;160540;160712;161138;165280;165281;165565;165703;166321;167041;173387;177147;177743;180586;181733;181735;181736;181737;181739;181741;181742;181743;181744;181745;181747;185532;186220;191428;191848;193683;193684;193685;193877;193878;193879;194980;196190;196198;196907;196908;198466;203726
성동구,54136,[유휴]올리브영 금호점,p626A,151452,"미배차대응_7/13~_1,500",UNCONDITIONAL,NORMAL,0,1500,2026-07-13,2026-07-22,1,88,95,24206;24399;30129;30134;32622;32623;33132;34727;35690;36658;37420;38884;38887;41562;42275;51209;51418;53569;53665;54132;54136;54384;56033;56423;60739;60744;60745;60746;64859;65802;65839;66066;67216;67218;75515;76910;83936;97404;99998;118739;118976;118978;126086;126087;126090;126232;126809;129620;138769;142087;148221;151230;152747;158869;158870;160540;161138;166321;177147;177743;180586;181733;181735;181736;181737;181739;181741;185532;186220;191428;194980;196190;196198;203726;210158;212987;216683;228336;228523;231733;233915;236669;238259;243551;248795;249299;255575;262643
성동구,54384,뚜레쥬르 금호역점,p626A,7743,프라임 기상할증,WEATHER,NORMAL,550,500,2019-07-21,,0,7,1692,54384;95753;160712;177743;185532;248795;262643
성동구,54384,뚜레쥬르 금호역점,p626A,98205,[삭제 예정] [천안불당6] 장재리 1000원,POLYGON,NORMAL,1100,1000,2034-10-02,,0,130,29632,23963;24111;24112;24206;24399;30129;30134;32622;32623;33132;34727;35690;36658;37420;38767;38884;38887;41562;42272;42275;48790;51209;51418;53494;53499;53500;53569;53570;53573;53575;53665;54132;54136;54384;56033;56423;56455;59080;60739;60744;60745;60746;61115;61137;61141;64859;65076;65147;65802;65839;65841;66066;66262;67216;67218;75515;76910;83936;87752;87761;90993;95457;95461;95753;97054;97404;99998;117550;118739;118976;118978;126086;126087;126090;126232;126809;129620;136884;136890;138769;142087;148221;148362;151230;152747;154862;158869;158870;158972;160540;160712;161138;165280;165281;165565;165703;166321;167041;173387;177147;177743;180586;181733;181735;181736;181737;181739;181741;181742;181743;181744;181745;181747;185532;186220;191428;191848;193683;193684;193685;193877;193878;193879;194980;196190;196198;196907;196908;198466;203726
성동구,54384,뚜레쥬르 금호역점,p626A,151452,"미배차대응_7/13~_1,500",UNCONDITIONAL,NORMAL,0,1500,2026-07-13,2026-07-22,1,88,95,24206;24399;30129;30134;32622;32623;33132;34727;35690;36658;37420;38884;38887;41562;42275;51209;51418;53569;53665;54132;54136;54384;56033;56423;60739;60744;60745;60746;64859;65802;65839;66066;67216;67218;75515;76910;83936;97404;99998;118739;118976;118978;126086;126087;126090;126232;126809;129620;138769;142087;148221;151230;152747;158869;158870;160540;161138;166321;177147;177743;180586;181733;181735;181736;181737;181739;181741;185532;186220;191428;194980;196190;196198;203726;210158;212987;216683;228336;228523;231733;233915;236669;238259;243551;248795;249299;255575;262643
성동구,54384,뚜레쥬르 금호역점,p626A,151705,[성동행당] 성동교 550원,REGIONS,NORMAL,550,0,2026-07-21,,0,3,5,24206;54384;99998
성동구,56033,GS25 왕십리무학봉점,p626A,59880,GS25 기상할증_1,WEATHER,NORMAL,550,500,2023-09-01,,0,29,3091,56033;56423;56455;59080;60739;60744;60745;60746;61115;61137;61141;65076;65147;65802;65839;65841;66066;66262;87752;87761;95457;95461;129620;148221;151230;152747;154862;161138;216683
성동구,56033,GS25 왕십리무학봉점,p626A,98205,[삭제 예정] [천안불당6] 장재리 1000원,POLYGON,NORMAL,1100,1000,2034-10-02,,0,130,29632,23963;24111;24112;24206;24399;30129;30134;32622;32623;33132;34727;35690;36658;37420;38767;38884;38887;41562;42272;42275;48790;51209;51418;53494;53499;53500;53569;53570;53573;53575;53665;54132;54136;54384;56033;56423;56455;59080;60739;60744;60745;60746;61115;61137;61141;64859;65076;65147;65802;65839;65841;66066;66262;67216;67218;75515;76910;83936;87752;87761;90993;95457;95461;95753;97054;97404;99998;117550;118739;118976;118978;126086;126087;126090;126232;126809;129620;136884;136890;138769;142087;148221;148362;151230;152747;154862;158869;158870;158972;160540;160712;161138;165280;165281;165565;165703;166321;167041;173387;177147;177743;180586;181733;181735;181736;181737;181739;181741;181742;181743;181744;181745;181747;185532;186220;191428;191848;193683;193684;193685;193877;193878;193879;194980;196190;196198;196907;196908;198466;203726
성동구,56033,GS25 왕십리무학봉점,p626A,151452,"미배차대응_7/13~_1,500",UNCONDITIONAL,NORMAL,0,1500,2026-07-13,2026-07-22,1,88,95,24206;24399;30129;30134;32622;32623;33132;34727;35690;36658;37420;38884;38887;41562;42275;51209;51418;53569;53665;54132;54136;54384;56033;56423;60739;60744;60745;60746;64859;65802;65839;66066;67216;67218;75515;76910;83936;97404;99998;118739;118976;118978;126086;126087;126090;126232;126809;129620;138769;142087;148221;151230;152747;158869;158870;160540;161138;166321;177147;177743;180586;181733;181735;181736;181737;181739;181741;185532;186220;191428;194980;196190;196198;203726;210158;212987;216683;228336;228523;231733;233915;236669;238259;243551;248795;249299;255575;262643
성동구,56423,GS25 왕십리청계천점,p626A,59880,GS25 기상할증_1,WEATHER,NORMAL,550,500,2023-09-01,,0,29,3091,56033;56423;56455;59080;60739;60744;60745;60746;61115;61137;61141;65076;65147;65802;65839;65841;66066;66262;87752;87761;95457;95461;129620;148221;151230;152747;154862;161138;216683
성동구,56423,GS25 왕십리청계천점,p626A,98205,[삭제 예정] [천안불당6] 장재리 1000원,POLYGON,NORMAL,1100,1000,2034-10-02,,0,130,29632,23963;24111;24112;24206;24399;30129;30134;32622;32623;33132;34727;35690;36658;37420;38767;38884;38887;41562;42272;42275;48790;51209;51418;53494;53499;53500;53569;53570;53573;53575;53665;54132;54136;54384;56033;56423;56455;59080;60739;60744;60745;60746;61115;61137;61141;64859;65076;65147;65802;65839;65841;66066;66262;67216;67218;75515;76910;83936;87752;87761;90993;95457;95461;95753;97054;97404;99998;117550;118739;118976;118978;126086;126087;126090;126232;126809;129620;136884;136890;138769;142087;148221;148362;151230;152747;154862;158869;158870;158972;160540;160712;161138;165280;165281;165565;165703;166321;167041;173387;177147;177743;180586;181733;181735;181736;181737;181739;181741;181742;181743;181744;181745;181747;185532;186220;191428;191848;193683;193684;193685;193877;193878;193879;194980;196190;196198;196907;196908;198466;203726
성동구,56423,GS25 왕십리청계천점,p626A,151452,"미배차대응_7/13~_1,500",UNCONDITIONAL,NORMAL,0,1500,2026-07-13,2026-07-22,1,88,95,24206;24399;30129;30134;32622;32623;33132;34727;35690;36658;37420;38884;38887;41562;42275;51209;51418;53569;53665;54132;54136;54384;56033;56423;60739;60744;60745;60746;64859;65802;65839;66066;67216;67218;75515;76910;83936;97404;99998;118739;118976;118978;126086;126087;126090;126232;126809;129620;138769;142087;148221;151230;152747;158869;158870;160540;161138;166321;177147;177743;180586;181733;181735;181736;181737;181739;181741;185532;186220;191428;194980;196190;196198;203726;210158;212987;216683;228336;228523;231733;233915;236669;238259;243551;248795;249299;255575;262643
성북구,56455,GS25 중앙병원점,p943A,59880,GS25 기상할증_1,WEATHER,NORMAL,550,500,2023-09-01,,0,29,3091,56033;56423;56455;59080;60739;60744;60745;60746;61115;61137;61141;65076;65147;65802;65839;65841;66066;66262;87752;87761;95457;95461;129620;148221;151230;152747;154862;161138;216683
성북구,56455,GS25 중앙병원점,p943A,98205,[삭제 예정] [천안불당6] 장재리 1000원,POLYGON,NORMAL,1100,1000,2034-10-02,,0,130,29632,23963;24111;24112;24206;24399;30129;30134;32622;32623;33132;34727;35690;36658;37420;38767;38884;38887;41562;42272;42275;48790;51209;51418;53494;53499;53500;53569;53570;53573;53575;53665;54132;54136;54384;56033;56423;56455;59080;60739;60744;60745;60746;61115;61137;61141;64859;65076;65147;65802;65839;65841;66066;66262;67216;67218;75515;76910;83936;87752;87761;90993;95457;95461;95753;97054;97404;99998;117550;118739;118976;118978;126086;126087;126090;126232;126809;129620;136884;136890;138769;142087;148221;148362;151230;152747;154862;158869;158870;158972;160540;160712;161138;165280;165281;165565;165703;166321;167041;173387;177147;177743;180586;181733;181735;181736;181737;181739;181741;181742;181743;181744;181745;181747;185532;186220;191428;191848;193683;193684;193685;193877;193878;193879;194980;196190;196198;196907;196908;198466;203726
성북구,59080,GS25 보문역점,p943A,59880,GS25 기상할증_1,WEATHER,NORMAL,550,500,2023-09-01,,0,29,3091,56033;56423;56455;59080;60739;60744;60745;60746;61115;61137;61141;65076;65147;65802;65839;65841;66066;66262;87752;87761;95457;95461;129620;148221;151230;152747;154862;161138;216683
성북구,59080,GS25 보문역점,p943A,98205,[삭제 예정] [천안불당6] 장재리 1000원,POLYGON,NORMAL,1100,1000,2034-10-02,,0,130,29632,23963;24111;24112;24206;24399;30129;30134;32622;32623;33132;34727;35690;36658;37420;38767;38884;38887;41562;42272;42275;48790;51209;51418;53494;53499;53500;53569;53570;53573;53575;53665;54132;54136;54384;56033;56423;56455;59080;60739;60744;60745;60746;61115;61137;61141;64859;65076;65147;65802;65839;65841;66066;66262;67216;67218;75515;76910;83936;87752;87761;90993;95457;95461;95753;97054;97404;99998;117550;118739;118976;118978;126086;126087;126090;126232;126809;129620;136884;136890;138769;142087;148221;148362;151230;152747;154862;158869;158870;158972;160540;160712;161138;165280;165281;165565;165703;166321;167041;173387;177147;177743;180586;181733;181735;181736;181737;181739;181741;181742;181743;181744;181745;181747;185532;186220;191428;191848;193683;193684;193685;193877;193878;193879;194980;196190;196198;196907;196908;198466;203726
성동구,60739,GS25 사근본점,p626A,59880,GS25 기상할증_1,WEATHER,NORMAL,550,500,2023-09-01,,0,29,3091,56033;56423;56455;59080;60739;60744;60745;60746;61115;61137;61141;65076;65147;65802;65839;65841;66066;66262;87752;87761;95457;95461;129620;148221;151230;152747;154862;161138;216683
성동구,60739,GS25 사근본점,p626A,98205,[삭제 예정] [천안불당6] 장재리 1000원,POLYGON,NORMAL,1100,1000,2034-10-02,,0,130,29632,23963;24111;24112;24206;24399;30129;30134;32622;32623;33132;34727;35690;36658;37420;38767;38884;38887;41562;42272;42275;48790;51209;51418;53494;53499;53500;53569;53570;53573;53575;53665;54132;54136;54384;56033;56423;56455;59080;60739;60744;60745;60746;61115;61137;61141;64859;65076;65147;65802;65839;65841;66066;66262;67216;67218;75515;76910;83936;87752;87761;90993;95457;95461;95753;97054;97404;99998;117550;118739;118976;118978;126086;126087;126090;126232;126809;129620;136884;136890;138769;142087;148221;148362;151230;152747;154862;158869;158870;158972;160540;160712;161138;165280;165281;165565;165703;166321;167041;173387;177147;177743;180586;181733;181735;181736;181737;181739;181741;181742;181743;181744;181745;181747;185532;186220;191428;191848;193683;193684;193685;193877;193878;193879;194980;196190;196198;196907;196908;198466;203726
성동구,60739,GS25 사근본점,p626A,151452,"미배차대응_7/13~_1,500",UNCONDITIONAL,NORMAL,0,1500,2026-07-13,2026-07-22,1,88,95,24206;24399;30129;30134;32622;32623;33132;34727;35690;36658;37420;38884;38887;41562;42275;51209;51418;53569;53665;54132;54136;54384;56033;56423;60739;60744;60745;60746;64859;65802;65839;66066;67216;67218;75515;76910;83936;97404;99998;118739;118976;118978;126086;126087;126090;126232;126809;129620;138769;142087;148221;151230;152747;158869;158870;160540;161138;166321;177147;177743;180586;181733;181735;181736;181737;181739;181741;185532;186220;191428;194980;196190;196198;203726;210158;212987;216683;228336;228523;231733;233915;236669;238259;243551;248795;249299;255575;262643
성동구,60744,GS25 왕십리도선점,p626A,59880,GS25 기상할증_1,WEATHER,NORMAL,550,500,2023-09-01,,0,29,3091,56033;56423;56455;59080;60739;60744;60745;60746;61115;61137;61141;65076;65147;65802;65839;65841;66066;66262;87752;87761;95457;95461;129620;148221;151230;152747;154862;161138;216683
성동구,60744,GS25 왕십리도선점,p626A,98205,[삭제 예정] [천안불당6] 장재리 1000원,POLYGON,NORMAL,1100,1000,2034-10-02,,0,130,29632,23963;24111;24112;24206;24399;30129;30134;32622;32623;33132;34727;35690;36658;37420;38767;38884;38887;41562;42272;42275;48790;51209;51418;53494;53499;53500;53569;53570;53573;53575;53665;54132;54136;54384;56033;56423;56455;59080;60739;60744;60745;60746;61115;61137;61141;64859;65076;65147;65802;65839;65841;66066;66262;67216;67218;75515;76910;83936;87752;87761;90993;95457;95461;95753;97054;97404;99998;117550;118739;118976;118978;126086;126087;126090;126232;126809;129620;136884;136890;138769;142087;148221;148362;151230;152747;154862;158869;158870;158972;160540;160712;161138;165280;165281;165565;165703;166321;167041;173387;177147;177743;180586;181733;181735;181736;181737;181739;181741;181742;181743;181744;181745;181747;185532;186220;191428;191848;193683;193684;193685;193877;193878;193879;194980;196190;196198;196907;196908;198466;203726
성동구,60744,GS25 왕십리도선점,p626A,151452,"미배차대응_7/13~_1,500",UNCONDITIONAL,NORMAL,0,1500,2026-07-13,2026-07-22,1,88,95,24206;24399;30129;30134;32622;32623;33132;34727;35690;36658;37420;38884;38887;41562;42275;51209;51418;53569;53665;54132;54136;54384;56033;56423;60739;60744;60745;60746;64859;65802;65839;66066;67216;67218;75515;76910;83936;97404;99998;118739;118976;118978;126086;126087;126090;126232;126809;129620;138769;142087;148221;151230;152747;158869;158870;160540;161138;166321;177147;177743;180586;181733;181735;181736;181737;181739;181741;185532;186220;191428;194980;196190;196198;203726;210158;212987;216683;228336;228523;231733;233915;236669;238259;243551;248795;249299;255575;262643
성동구,60745,GS25 금호역점,p626A,59880,GS25 기상할증_1,WEATHER,NORMAL,550,500,2023-09-01,,0,29,3091,56033;56423;56455;59080;60739;60744;60745;60746;61115;61137;61141;65076;65147;65802;65839;65841;66066;66262;87752;87761;95457;95461;129620;148221;151230;152747;154862;161138;216683
성동구,60745,GS25 금호역점,p626A,98205,[삭제 예정] [천안불당6] 장재리 1000원,POLYGON,NORMAL,1100,1000,2034-10-02,,0,130,29632,23963;24111;24112;24206;24399;30129;30134;32622;32623;33132;34727;35690;36658;37420;38767;38884;38887;41562;42272;42275;48790;51209;51418;53494;53499;53500;53569;53570;53573;53575;53665;54132;54136;54384;56033;56423;56455;59080;60739;60744;60745;60746;61115;61137;61141;64859;65076;65147;65802;65839;65841;66066;66262;67216;67218;75515;76910;83936;87752;87761;90993;95457;95461;95753;97054;97404;99998;117550;118739;118976;118978;126086;126087;126090;126232;126809;129620;136884;136890;138769;142087;148221;148362;151230;152747;154862;158869;158870;158972;160540;160712;161138;165280;165281;165565;165703;166321;167041;173387;177147;177743;180586;181733;181735;181736;181737;181739;181741;181742;181743;181744;181745;181747;185532;186220;191428;191848;193683;193684;193685;193877;193878;193879;194980;196190;196198;196907;196908;198466;203726
성동구,60745,GS25 금호역점,p626A,151452,"미배차대응_7/13~_1,500",UNCONDITIONAL,NORMAL,0,1500,2026-07-13,2026-07-22,1,88,95,24206;24399;30129;30134;32622;32623;33132;34727;35690;36658;37420;38884;38887;41562;42275;51209;51418;53569;53665;54132;54136;54384;56033;56423;60739;60744;60745;60746;64859;65802;65839;66066;67216;67218;75515;76910;83936;97404;99998;118739;118976;118978;126086;126087;126090;126232;126809;129620;138769;142087;148221;151230;152747;158869;158870;160540;161138;166321;177147;177743;180586;181733;181735;181736;181737;181739;181741;185532;186220;191428;194980;196190;196198;203726;210158;212987;216683;228336;228523;231733;233915;236669;238259;243551;248795;249299;255575;262643
성동구,60746,GS25 옥수상떼뷰점,p626A,59880,GS25 기상할증_1,WEATHER,NORMAL,550,500,2023-09-01,,0,29,3091,56033;56423;56455;59080;60739;60744;60745;60746;61115;61137;61141;65076;65147;65802;65839;65841;66066;66262;87752;87761;95457;95461;129620;148221;151230;152747;154862;161138;216683
성동구,60746,GS25 옥수상떼뷰점,p626A,98205,[삭제 예정] [천안불당6] 장재리 1000원,POLYGON,NORMAL,1100,1000,2034-10-02,,0,130,29632,23963;24111;24112;24206;24399;30129;30134;32622;32623;33132;34727;35690;36658;37420;38767;38884;38887;41562;42272;42275;48790;51209;51418;53494;53499;53500;53569;53570;53573;53575;53665;54132;54136;54384;56033;56423;56455;59080;60739;60744;60745;60746;61115;61137;61141;64859;65076;65147;65802;65839;65841;66066;66262;67216;67218;75515;76910;83936;87752;87761;90993;95457;95461;95753;97054;97404;99998;117550;118739;118976;118978;126086;126087;126090;126232;126809;129620;136884;136890;138769;142087;148221;148362;151230;152747;154862;158869;158870;158972;160540;160712;161138;165280;165281;165565;165703;166321;167041;173387;177147;177743;180586;181733;181735;181736;181737;181739;181741;181742;181743;181744;181745;181747;185532;186220;191428;191848;193683;193684;193685;193877;193878;193879;194980;196190;196198;196907;196908;198466;203726
성동구,60746,GS25 옥수상떼뷰점,p626A,151452,"미배차대응_7/13~_1,500",UNCONDITIONAL,NORMAL,0,1500,2026-07-13,2026-07-22,1,88,95,24206;24399;30129;30134;32622;32623;33132;34727;35690;36658;37420;38884;38887;41562;42275;51209;51418;53569;53665;54132;54136;54384;56033;56423;60739;60744;60745;60746;64859;65802;65839;66066;67216;67218;75515;76910;83936;97404;99998;118739;118976;118978;126086;126087;126090;126232;126809;129620;138769;142087;148221;151230;152747;158869;158870;160540;161138;166321;177147;177743;180586;181733;181735;181736;181737;181739;181741;185532;186220;191428;194980;196190;196198;203726;210158;212987;216683;228336;228523;231733;233915;236669;238259;243551;248795;249299;255575;262643
성북구,61115,GS25 성북건영점,p943A,59880,GS25 기상할증_1,WEATHER,NORMAL,550,500,2023-09-01,,0,29,3091,56033;56423;56455;59080;60739;60744;60745;60746;61115;61137;61141;65076;65147;65802;65839;65841;66066;66262;87752;87761;95457;95461;129620;148221;151230;152747;154862;161138;216683
성북구,61115,GS25 성북건영점,p943A,98205,[삭제 예정] [천안불당6] 장재리 1000원,POLYGON,NORMAL,1100,1000,2034-10-02,,0,130,29632,23963;24111;24112;24206;24399;30129;30134;32622;32623;33132;34727;35690;36658;37420;38767;38884;38887;41562;42272;42275;48790;51209;51418;53494;53499;53500;53569;53570;53573;53575;53665;54132;54136;54384;56033;56423;56455;59080;60739;60744;60745;60746;61115;61137;61141;64859;65076;65147;65802;65839;65841;66066;66262;67216;67218;75515;76910;83936;87752;87761;90993;95457;95461;95753;97054;97404;99998;117550;118739;118976;118978;126086;126087;126090;126232;126809;129620;136884;136890;138769;142087;148221;148362;151230;152747;154862;158869;158870;158972;160540;160712;161138;165280;165281;165565;165703;166321;167041;173387;177147;177743;180586;181733;181735;181736;181737;181739;181741;181742;181743;181744;181745;181747;185532;186220;191428;191848;193683;193684;193685;193877;193878;193879;194980;196190;196198;196907;196908;198466;203726
성북구,61137,GS25 종암타운점,p943A,59880,GS25 기상할증_1,WEATHER,NORMAL,550,500,2023-09-01,,0,29,3091,56033;56423;56455;59080;60739;60744;60745;60746;61115;61137;61141;65076;65147;65802;65839;65841;66066;66262;87752;87761;95457;95461;129620;148221;151230;152747;154862;161138;216683
성북구,61137,GS25 종암타운점,p943A,98205,[삭제 예정] [천안불당6] 장재리 1000원,POLYGON,NORMAL,1100,1000,2034-10-02,,0,130,29632,23963;24111;24112;24206;24399;30129;30134;32622;32623;33132;34727;35690;36658;37420;38767;38884;38887;41562;42272;42275;48790;51209;51418;53494;53499;53500;53569;53570;53573;53575;53665;54132;54136;54384;56033;56423;56455;59080;60739;60744;60745;60746;61115;61137;61141;64859;65076;65147;65802;65839;65841;66066;66262;67216;67218;75515;76910;83936;87752;87761;90993;95457;95461;95753;97054;97404;99998;117550;118739;118976;118978;126086;126087;126090;126232;126809;129620;136884;136890;138769;142087;148221;148362;151230;152747;154862;158869;158870;158972;160540;160712;161138;165280;165281;165565;165703;166321;167041;173387;177147;177743;180586;181733;181735;181736;181737;181739;181741;181742;181743;181744;181745;181747;185532;186220;191428;191848;193683;193684;193685;193877;193878;193879;194980;196190;196198;196907;196908;198466;203726
성북구,61141,GS25 성신사랑점,p943A,59880,GS25 기상할증_1,WEATHER,NORMAL,550,500,2023-09-01,,0,29,3091,56033;56423;56455;59080;60739;60744;60745;60746;61115;61137;61141;65076;65147;65802;65839;65841;66066;66262;87752;87761;95457;95461;129620;148221;151230;152747;154862;161138;216683
성북구,61141,GS25 성신사랑점,p943A,98205,[삭제 예정] [천안불당6] 장재리 1000원,POLYGON,NORMAL,1100,1000,2034-10-02,,0,130,29632,23963;24111;24112;24206;24399;30129;30134;32622;32623;33132;34727;35690;36658;37420;38767;38884;38887;41562;42272;42275;48790;51209;51418;53494;53499;53500;53569;53570;53573;53575;53665;54132;54136;54384;56033;56423;56455;59080;60739;60744;60745;60746;61115;61137;61141;64859;65076;65147;65802;65839;65841;66066;66262;67216;67218;75515;76910;83936;87752;87761;90993;95457;95461;95753;97054;97404;99998;117550;118739;118976;118978;126086;126087;126090;126232;126809;129620;136884;136890;138769;142087;148221;148362;151230;152747;154862;158869;158870;158972;160540;160712;161138;165280;165281;165565;165703;166321;167041;173387;177147;177743;180586;181733;181735;181736;181737;181739;181741;181742;181743;181744;181745;181747;185532;186220;191428;191848;193683;193684;193685;193877;193878;193879;194980;196190;196198;196907;196908;198466;203726
성동구,64859,세븐일레븐 한양대타운점,p626A,24548,세븐일레븐 기상할증,WEATHER,NORMAL,550,500,2021-10-29,,0,4,1210,64859;75515;90993;194980
성동구,64859,세븐일레븐 한양대타운점,p626A,98205,[삭제 예정] [천안불당6] 장재리 1000원,POLYGON,NORMAL,1100,1000,2034-10-02,,0,130,29632,23963;24111;24112;24206;24399;30129;30134;32622;32623;33132;34727;35690;36658;37420;38767;38884;38887;41562;42272;42275;48790;51209;51418;53494;53499;53500;53569;53570;53573;53575;53665;54132;54136;54384;56033;56423;56455;59080;60739;60744;60745;60746;61115;61137;61141;64859;65076;65147;65802;65839;65841;66066;66262;67216;67218;75515;76910;83936;87752;87761;90993;95457;95461;95753;97054;97404;99998;117550;118739;118976;118978;126086;126087;126090;126232;126809;129620;136884;136890;138769;142087;148221;148362;151230;152747;154862;158869;158870;158972;160540;160712;161138;165280;165281;165565;165703;166321;167041;173387;177147;177743;180586;181733;181735;181736;181737;181739;181741;181742;181743;181744;181745;181747;185532;186220;191428;191848;193683;193684;193685;193877;193878;193879;194980;196190;196198;196907;196908;198466;203726
성동구,64859,세븐일레븐 한양대타운점,p626A,151452,"미배차대응_7/13~_1,500",UNCONDITIONAL,NORMAL,0,1500,2026-07-13,2026-07-22,1,88,95,24206;24399;30129;30134;32622;32623;33132;34727;35690;36658;37420;38884;38887;41562;42275;51209;51418;53569;53665;54132;54136;54384;56033;56423;60739;60744;60745;60746;64859;65802;65839;66066;67216;67218;75515;76910;83936;97404;99998;118739;118976;118978;126086;126087;126090;126232;126809;129620;138769;142087;148221;151230;152747;158869;158870;160540;161138;166321;177147;177743;180586;181733;181735;181736;181737;181739;181741;185532;186220;191428;194980;196190;196198;203726;210158;212987;216683;228336;228523;231733;233915;236669;238259;243551;248795;249299;255575;262643
성북구,65076,GS25 고대종암점,p943A,59880,GS25 기상할증_1,WEATHER,NORMAL,550,500,2023-09-01,,0,29,3091,56033;56423;56455;59080;60739;60744;60745;60746;61115;61137;61141;65076;65147;65802;65839;65841;66066;66262;87752;87761;95457;95461;129620;148221;151230;152747;154862;161138;216683
성북구,65076,GS25 고대종암점,p943A,98205,[삭제 예정] [천안불당6] 장재리 1000원,POLYGON,NORMAL,1100,1000,2034-10-02,,0,130,29632,23963;24111;24112;24206;24399;30129;30134;32622;32623;33132;34727;35690;36658;37420;38767;38884;38887;41562;42272;42275;48790;51209;51418;53494;53499;53500;53569;53570;53573;53575;53665;54132;54136;54384;56033;56423;56455;59080;60739;60744;60745;60746;61115;61137;61141;64859;65076;65147;65802;65839;65841;66066;66262;67216;67218;75515;76910;83936;87752;87761;90993;95457;95461;95753;97054;97404;99998;117550;118739;118976;118978;126086;126087;126090;126232;126809;129620;136884;136890;138769;142087;148221;148362;151230;152747;154862;158869;158870;158972;160540;160712;161138;165280;165281;165565;165703;166321;167041;173387;177147;177743;180586;181733;181735;181736;181737;181739;181741;181742;181743;181744;181745;181747;185532;186220;191428;191848;193683;193684;193685;193877;193878;193879;194980;196190;196198;196907;196908;198466;203726
성북구,65147,GS25 길음역점,p797A,59880,GS25 기상할증_1,WEATHER,NORMAL,550,500,2023-09-01,,0,29,3091,56033;56423;56455;59080;60739;60744;60745;60746;61115;61137;61141;65076;65147;65802;65839;65841;66066;66262;87752;87761;95457;95461;129620;148221;151230;152747;154862;161138;216683
성북구,65147,GS25 길음역점,p797A,98205,[삭제 예정] [천안불당6] 장재리 1000원,POLYGON,NORMAL,1100,1000,2034-10-02,,0,130,29632,23963;24111;24112;24206;24399;30129;30134;32622;32623;33132;34727;35690;36658;37420;38767;38884;38887;41562;42272;42275;48790;51209;51418;53494;53499;53500;53569;53570;53573;53575;53665;54132;54136;54384;56033;56423;56455;59080;60739;60744;60745;60746;61115;61137;61141;64859;65076;65147;65802;65839;65841;66066;66262;67216;67218;75515;76910;83936;87752;87761;90993;95457;95461;95753;97054;97404;99998;117550;118739;118976;118978;126086;126087;126090;126232;126809;129620;136884;136890;138769;142087;148221;148362;151230;152747;154862;158869;158870;158972;160540;160712;161138;165280;165281;165565;165703;166321;167041;173387;177147;177743;180586;181733;181735;181736;181737;181739;181741;181742;181743;181744;181745;181747;185532;186220;191428;191848;193683;193684;193685;193877;193878;193879;194980;196190;196198;196907;196908;198466;203726
성동구,65802,GS25 서울숲푸르지오점,p626A,59880,GS25 기상할증_1,WEATHER,NORMAL,550,500,2023-09-01,,0,29,3091,56033;56423;56455;59080;60739;60744;60745;60746;61115;61137;61141;65076;65147;65802;65839;65841;66066;66262;87752;87761;95457;95461;129620;148221;151230;152747;154862;161138;216683
성동구,65802,GS25 서울숲푸르지오점,p626A,98205,[삭제 예정] [천안불당6] 장재리 1000원,POLYGON,NORMAL,1100,1000,2034-10-02,,0,130,29632,23963;24111;24112;24206;24399;30129;30134;32622;32623;33132;34727;35690;36658;37420;38767;38884;38887;41562;42272;42275;48790;51209;51418;53494;53499;53500;53569;53570;53573;53575;53665;54132;54136;54384;56033;56423;56455;59080;60739;60744;60745;60746;61115;61137;61141;64859;65076;65147;65802;65839;65841;66066;66262;67216;67218;75515;76910;83936;87752;87761;90993;95457;95461;95753;97054;97404;99998;117550;118739;118976;118978;126086;126087;126090;126232;126809;129620;136884;136890;138769;142087;148221;148362;151230;152747;154862;158869;158870;158972;160540;160712;161138;165280;165281;165565;165703;166321;167041;173387;177147;177743;180586;181733;181735;181736;181737;181739;181741;181742;181743;181744;181745;181747;185532;186220;191428;191848;193683;193684;193685;193877;193878;193879;194980;196190;196198;196907;196908;198466;203726
성동구,65802,GS25 서울숲푸르지오점,p626A,151452,"미배차대응_7/13~_1,500",UNCONDITIONAL,NORMAL,0,1500,2026-07-13,2026-07-22,1,88,95,24206;24399;30129;30134;32622;32623;33132;34727;35690;36658;37420;38884;38887;41562;42275;51209;51418;53569;53665;54132;54136;54384;56033;56423;60739;60744;60745;60746;64859;65802;65839;66066;67216;67218;75515;76910;83936;97404;99998;118739;118976;118978;126086;126087;126090;126232;126809;129620;138769;142087;148221;151230;152747;158869;158870;160540;161138;166321;177147;177743;180586;181733;181735;181736;181737;181739;181741;185532;186220;191428;194980;196190;196198;203726;210158;212987;216683;228336;228523;231733;233915;236669;238259;243551;248795;249299;255575;262643
성동구,65839,GS25 성동무학교점,p626A,59880,GS25 기상할증_1,WEATHER,NORMAL,550,500,2023-09-01,,0,29,3091,56033;56423;56455;59080;60739;60744;60745;60746;61115;61137;61141;65076;65147;65802;65839;65841;66066;66262;87752;87761;95457;95461;129620;148221;151230;152747;154862;161138;216683
성동구,65839,GS25 성동무학교점,p626A,98205,[삭제 예정] [천안불당6] 장재리 1000원,POLYGON,NORMAL,1100,1000,2034-10-02,,0,130,29632,23963;24111;24112;24206;24399;30129;30134;32622;32623;33132;34727;35690;36658;37420;38767;38884;38887;41562;42272;42275;48790;51209;51418;53494;53499;53500;53569;53570;53573;53575;53665;54132;54136;54384;56033;56423;56455;59080;60739;60744;60745;60746;61115;61137;61141;64859;65076;65147;65802;65839;65841;66066;66262;67216;67218;75515;76910;83936;87752;87761;90993;95457;95461;95753;97054;97404;99998;117550;118739;118976;118978;126086;126087;126090;126232;126809;129620;136884;136890;138769;142087;148221;148362;151230;152747;154862;158869;158870;158972;160540;160712;161138;165280;165281;165565;165703;166321;167041;173387;177147;177743;180586;181733;181735;181736;181737;181739;181741;181742;181743;181744;181745;181747;185532;186220;191428;191848;193683;193684;193685;193877;193878;193879;194980;196190;196198;196907;196908;198466;203726
성동구,65839,GS25 성동무학교점,p626A,151452,"미배차대응_7/13~_1,500",UNCONDITIONAL,NORMAL,0,1500,2026-07-13,2026-07-22,1,88,95,24206;24399;30129;30134;32622;32623;33132;34727;35690;36658;37420;38884;38887;41562;42275;51209;51418;53569;53665;54132;54136;54384;56033;56423;60739;60744;60745;60746;64859;65802;65839;66066;67216;67218;75515;76910;83936;97404;99998;118739;118976;118978;126086;126087;126090;126232;126809;129620;138769;142087;148221;151230;152747;158869;158870;160540;161138;166321;177147;177743;180586;181733;181735;181736;181737;181739;181741;185532;186220;191428;194980;196190;196198;203726;210158;212987;216683;228336;228523;231733;233915;236669;238259;243551;248795;249299;255575;262643
성북구,65841,GS25 성북동진점,p943A,59880,GS25 기상할증_1,WEATHER,NORMAL,550,500,2023-09-01,,0,29,3091,56033;56423;56455;59080;60739;60744;60745;60746;61115;61137;61141;65076;65147;65802;65839;65841;66066;66262;87752;87761;95457;95461;129620;148221;151230;152747;154862;161138;216683
성북구,65841,GS25 성북동진점,p943A,98205,[삭제 예정] [천안불당6] 장재리 1000원,POLYGON,NORMAL,1100,1000,2034-10-02,,0,130,29632,23963;24111;24112;24206;24399;30129;30134;32622;32623;33132;34727;35690;36658;37420;38767;38884;38887;41562;42272;42275;48790;51209;51418;53494;53499;53500;53569;53570;53573;53575;53665;54132;54136;54384;56033;56423;56455;59080;60739;60744;60745;60746;61115;61137;61141;64859;65076;65147;65802;65839;65841;66066;66262;67216;67218;75515;76910;83936;87752;87761;90993;95457;95461;95753;97054;97404;99998;117550;118739;118976;118978;126086;126087;126090;126232;126809;129620;136884;136890;138769;142087;148221;148362;151230;152747;154862;158869;158870;158972;160540;160712;161138;165280;165281;165565;165703;166321;167041;173387;177147;177743;180586;181733;181735;181736;181737;181739;181741;181742;181743;181744;181745;181747;185532;186220;191428;191848;193683;193684;193685;193877;193878;193879;194980;196190;196198;196907;196908;198466;203726
성동구,66066,GS25 왕십리동진점,p626A,59880,GS25 기상할증_1,WEATHER,NORMAL,550,500,2023-09-01,,0,29,3091,56033;56423;56455;59080;60739;60744;60745;60746;61115;61137;61141;65076;65147;65802;65839;65841;66066;66262;87752;87761;95457;95461;129620;148221;151230;152747;154862;161138;216683
성동구,66066,GS25 왕십리동진점,p626A,98205,[삭제 예정] [천안불당6] 장재리 1000원,POLYGON,NORMAL,1100,1000,2034-10-02,,0,130,29632,23963;24111;24112;24206;24399;30129;30134;32622;32623;33132;34727;35690;36658;37420;38767;38884;38887;41562;42272;42275;48790;51209;51418;53494;53499;53500;53569;53570;53573;53575;53665;54132;54136;54384;56033;56423;56455;59080;60739;60744;60745;60746;61115;61137;61141;64859;65076;65147;65802;65839;65841;66066;66262;67216;67218;75515;76910;83936;87752;87761;90993;95457;95461;95753;97054;97404;99998;117550;118739;118976;118978;126086;126087;126090;126232;126809;129620;136884;136890;138769;142087;148221;148362;151230;152747;154862;158869;158870;158972;160540;160712;161138;165280;165281;165565;165703;166321;167041;173387;177147;177743;180586;181733;181735;181736;181737;181739;181741;181742;181743;181744;181745;181747;185532;186220;191428;191848;193683;193684;193685;193877;193878;193879;194980;196190;196198;196907;196908;198466;203726
성동구,66066,GS25 왕십리동진점,p626A,151452,"미배차대응_7/13~_1,500",UNCONDITIONAL,NORMAL,0,1500,2026-07-13,2026-07-22,1,88,95,24206;24399;30129;30134;32622;32623;33132;34727;35690;36658;37420;38884;38887;41562;42275;51209;51418;53569;53665;54132;54136;54384;56033;56423;60739;60744;60745;60746;64859;65802;65839;66066;67216;67218;75515;76910;83936;97404;99998;118739;118976;118978;126086;126087;126090;126232;126809;129620;138769;142087;148221;151230;152747;158869;158870;160540;161138;166321;177147;177743;180586;181733;181735;181736;181737;181739;181741;185532;186220;191428;194980;196190;196198;203726;210158;212987;216683;228336;228523;231733;233915;236669;238259;243551;248795;249299;255575;262643
성북구,66262,GS25 종암파크점,p943A,59880,GS25 기상할증_1,WEATHER,NORMAL,550,500,2023-09-01,,0,29,3091,56033;56423;56455;59080;60739;60744;60745;60746;61115;61137;61141;65076;65147;65802;65839;65841;66066;66262;87752;87761;95457;95461;129620;148221;151230;152747;154862;161138;216683
성북구,66262,GS25 종암파크점,p943A,98205,[삭제 예정] [천안불당6] 장재리 1000원,POLYGON,NORMAL,1100,1000,2034-10-02,,0,130,29632,23963;24111;24112;24206;24399;30129;30134;32622;32623;33132;34727;35690;36658;37420;38767;38884;38887;41562;42272;42275;48790;51209;51418;53494;53499;53500;53569;53570;53573;53575;53665;54132;54136;54384;56033;56423;56455;59080;60739;60744;60745;60746;61115;61137;61141;64859;65076;65147;65802;65839;65841;66066;66262;67216;67218;75515;76910;83936;87752;87761;90993;95457;95461;95753;97054;97404;99998;117550;118739;118976;118978;126086;126087;126090;126232;126809;129620;136884;136890;138769;142087;148221;148362;151230;152747;154862;158869;158870;158972;160540;160712;161138;165280;165281;165565;165703;166321;167041;173387;177147;177743;180586;181733;181735;181736;181737;181739;181741;181742;181743;181744;181745;181747;185532;186220;191428;191848;193683;193684;193685;193877;193878;193879;194980;196190;196198;196907;196908;198466;203726
성동구,67216,CU 왕십리KCC점,p626A,98205,[삭제 예정] [천안불당6] 장재리 1000원,POLYGON,NORMAL,1100,1000,2034-10-02,,0,130,29632,23963;24111;24112;24206;24399;30129;30134;32622;32623;33132;34727;35690;36658;37420;38767;38884;38887;41562;42272;42275;48790;51209;51418;53494;53499;53500;53569;53570;53573;53575;53665;54132;54136;54384;56033;56423;56455;59080;60739;60744;60745;60746;61115;61137;61141;64859;65076;65147;65802;65839;65841;66066;66262;67216;67218;75515;76910;83936;87752;87761;90993;95457;95461;95753;97054;97404;99998;117550;118739;118976;118978;126086;126087;126090;126232;126809;129620;136884;136890;138769;142087;148221;148362;151230;152747;154862;158869;158870;158972;160540;160712;161138;165280;165281;165565;165703;166321;167041;173387;177147;177743;180586;181733;181735;181736;181737;181739;181741;181742;181743;181744;181745;181747;185532;186220;191428;191848;193683;193684;193685;193877;193878;193879;194980;196190;196198;196907;196908;198466;203726
성동구,67216,CU 왕십리KCC점,p626A,135913,CU 기상할증,WEATHER,NORMAL,550,500,2025-10-01,,0,40,4520,36658;37420;38884;38887;41562;51209;51418;53494;53499;53500;53569;53570;53573;53575;53665;67216;67218;76910;126086;126087;126090;126232;126809;138769;142087;158972;160540;165280;165281;166321;167041;173387;186220;198466;203726;212987;228336;228523;231733;231761
성동구,67216,CU 왕십리KCC점,p626A,151452,"미배차대응_7/13~_1,500",UNCONDITIONAL,NORMAL,0,1500,2026-07-13,2026-07-22,1,88,95,24206;24399;30129;30134;32622;32623;33132;34727;35690;36658;37420;38884;38887;41562;42275;51209;51418;53569;53665;54132;54136;54384;56033;56423;60739;60744;60745;60746;64859;65802;65839;66066;67216;67218;75515;76910;83936;97404;99998;118739;118976;118978;126086;126087;126090;126232;126809;129620;138769;142087;148221;151230;152747;158869;158870;160540;161138;166321;177147;177743;180586;181733;181735;181736;181737;181739;181741;185532;186220;191428;194980;196190;196198;203726;210158;212987;216683;228336;228523;231733;233915;236669;238259;243551;248795;249299;255575;262643
성동구,67216,CU 왕십리KCC점,p626A,151701,CU편의점 야간할증,WEEKLY_HOURS,NORMAL,550,0,2026-07-21,,0,39,100,36658;37420;38884;38887;41562;51209;51418;53494;53499;53500;53569;53570;53573;53575;53665;67216;67218;76910;126086;126087;126090;126232;126809;138769;158972;160540;165280;165281;166321;167041;173387;186220;198466;203726;212987;228336;228523;231733;231761
성동구,67218,CU 도선공원점,p626A,98205,[삭제 예정] [천안불당6] 장재리 1000원,POLYGON,NORMAL,1100,1000,2034-10-02,,0,130,29632,23963;24111;24112;24206;24399;30129;30134;32622;32623;33132;34727;35690;36658;37420;38767;38884;38887;41562;42272;42275;48790;51209;51418;53494;53499;53500;53569;53570;53573;53575;53665;54132;54136;54384;56033;56423;56455;59080;60739;60744;60745;60746;61115;61137;61141;64859;65076;65147;65802;65839;65841;66066;66262;67216;67218;75515;76910;83936;87752;87761;90993;95457;95461;95753;97054;97404;99998;117550;118739;118976;118978;126086;126087;126090;126232;126809;129620;136884;136890;138769;142087;148221;148362;151230;152747;154862;158869;158870;158972;160540;160712;161138;165280;165281;165565;165703;166321;167041;173387;177147;177743;180586;181733;181735;181736;181737;181739;181741;181742;181743;181744;181745;181747;185532;186220;191428;191848;193683;193684;193685;193877;193878;193879;194980;196190;196198;196907;196908;198466;203726
성동구,67218,CU 도선공원점,p626A,135913,CU 기상할증,WEATHER,NORMAL,550,500,2025-10-01,,0,40,4520,36658;37420;38884;38887;41562;51209;51418;53494;53499;53500;53569;53570;53573;53575;53665;67216;67218;76910;126086;126087;126090;126232;126809;138769;142087;158972;160540;165280;165281;166321;167041;173387;186220;198466;203726;212987;228336;228523;231733;231761
성동구,67218,CU 도선공원점,p626A,151452,"미배차대응_7/13~_1,500",UNCONDITIONAL,NORMAL,0,1500,2026-07-13,2026-07-22,1,88,95,24206;24399;30129;30134;32622;32623;33132;34727;35690;36658;37420;38884;38887;41562;42275;51209;51418;53569;53665;54132;54136;54384;56033;56423;60739;60744;60745;60746;64859;65802;65839;66066;67216;67218;75515;76910;83936;97404;99998;118739;118976;118978;126086;126087;126090;126232;126809;129620;138769;142087;148221;151230;152747;158869;158870;160540;161138;166321;177147;177743;180586;181733;181735;181736;181737;181739;181741;185532;186220;191428;194980;196190;196198;203726;210158;212987;216683;228336;228523;231733;233915;236669;238259;243551;248795;249299;255575;262643
성동구,67218,CU 도선공원점,p626A,151701,CU편의점 야간할증,WEEKLY_HOURS,NORMAL,550,0,2026-07-21,,0,39,100,36658;37420;38884;38887;41562;51209;51418;53494;53499;53500;53569;53570;53573;53575;53665;67216;67218;76910;126086;126087;126090;126232;126809;138769;158972;160540;165280;165281;166321;167041;173387;186220;198466;203726;212987;228336;228523;231733;231761
성동구,75515,세븐일레븐 마장하영점,p626A,24548,세븐일레븐 기상할증,WEATHER,NORMAL,550,500,2021-10-29,,0,4,1210,64859;75515;90993;194980
성동구,75515,세븐일레븐 마장하영점,p626A,98205,[삭제 예정] [천안불당6] 장재리 1000원,POLYGON,NORMAL,1100,1000,2034-10-02,,0,130,29632,23963;24111;24112;24206;24399;30129;30134;32622;32623;33132;34727;35690;36658;37420;38767;38884;38887;41562;42272;42275;48790;51209;51418;53494;53499;53500;53569;53570;53573;53575;53665;54132;54136;54384;56033;56423;56455;59080;60739;60744;60745;60746;61115;61137;61141;64859;65076;65147;65802;65839;65841;66066;66262;67216;67218;75515;76910;83936;87752;87761;90993;95457;95461;95753;97054;97404;99998;117550;118739;118976;118978;126086;126087;126090;126232;126809;129620;136884;136890;138769;142087;148221;148362;151230;152747;154862;158869;158870;158972;160540;160712;161138;165280;165281;165565;165703;166321;167041;173387;177147;177743;180586;181733;181735;181736;181737;181739;181741;181742;181743;181744;181745;181747;185532;186220;191428;191848;193683;193684;193685;193877;193878;193879;194980;196190;196198;196907;196908;198466;203726
성동구,75515,세븐일레븐 마장하영점,p626A,151452,"미배차대응_7/13~_1,500",UNCONDITIONAL,NORMAL,0,1500,2026-07-13,2026-07-22,1,88,95,24206;24399;30129;30134;32622;32623;33132;34727;35690;36658;37420;38884;38887;41562;42275;51209;51418;53569;53665;54132;54136;54384;56033;56423;60739;60744;60745;60746;64859;65802;65839;66066;67216;67218;75515;76910;83936;97404;99998;118739;118976;118978;126086;126087;126090;126232;126809;129620;138769;142087;148221;151230;152747;158869;158870;160540;161138;166321;177147;177743;180586;181733;181735;181736;181737;181739;181741;185532;186220;191428;194980;196190;196198;203726;210158;212987;216683;228336;228523;231733;233915;236669;238259;243551;248795;249299;255575;262643
성동구,76910,CU 금호래미안점,p626A,98205,[삭제 예정] [천안불당6] 장재리 1000원,POLYGON,NORMAL,1100,1000,2034-10-02,,0,130,29632,23963;24111;24112;24206;24399;30129;30134;32622;32623;33132;34727;35690;36658;37420;38767;38884;38887;41562;42272;42275;48790;51209;51418;53494;53499;53500;53569;53570;53573;53575;53665;54132;54136;54384;56033;56423;56455;59080;60739;60744;60745;60746;61115;61137;61141;64859;65076;65147;65802;65839;65841;66066;66262;67216;67218;75515;76910;83936;87752;87761;90993;95457;95461;95753;97054;97404;99998;117550;118739;118976;118978;126086;126087;126090;126232;126809;129620;136884;136890;138769;142087;148221;148362;151230;152747;154862;158869;158870;158972;160540;160712;161138;165280;165281;165565;165703;166321;167041;173387;177147;177743;180586;181733;181735;181736;181737;181739;181741;181742;181743;181744;181745;181747;185532;186220;191428;191848;193683;193684;193685;193877;193878;193879;194980;196190;196198;196907;196908;198466;203726
성동구,76910,CU 금호래미안점,p626A,135913,CU 기상할증,WEATHER,NORMAL,550,500,2025-10-01,,0,40,4520,36658;37420;38884;38887;41562;51209;51418;53494;53499;53500;53569;53570;53573;53575;53665;67216;67218;76910;126086;126087;126090;126232;126809;138769;142087;158972;160540;165280;165281;166321;167041;173387;186220;198466;203726;212987;228336;228523;231733;231761
성동구,76910,CU 금호래미안점,p626A,151452,"미배차대응_7/13~_1,500",UNCONDITIONAL,NORMAL,0,1500,2026-07-13,2026-07-22,1,88,95,24206;24399;30129;30134;32622;32623;33132;34727;35690;36658;37420;38884;38887;41562;42275;51209;51418;53569;53665;54132;54136;54384;56033;56423;60739;60744;60745;60746;64859;65802;65839;66066;67216;67218;75515;76910;83936;97404;99998;118739;118976;118978;126086;126087;126090;126232;126809;129620;138769;142087;148221;151230;152747;158869;158870;160540;161138;166321;177147;177743;180586;181733;181735;181736;181737;181739;181741;185532;186220;191428;194980;196190;196198;203726;210158;212987;216683;228336;228523;231733;233915;236669;238259;243551;248795;249299;255575;262643
성동구,76910,CU 금호래미안점,p626A,151701,CU편의점 야간할증,WEEKLY_HOURS,NORMAL,550,0,2026-07-21,,0,39,100,36658;37420;38884;38887;41562;51209;51418;53494;53499;53500;53569;53570;53573;53575;53665;67216;67218;76910;126086;126087;126090;126232;126809;138769;158972;160540;165280;165281;166321;167041;173387;186220;198466;203726;212987;228336;228523;231733;231761
성동구,83936,혜성한의원(금호점),p626A,6759,[성동행당] 기상할증 550원,WEATHER,NORMAL,550,500,2019-05-17,,0,2,3,42275;83936
성동구,83936,혜성한의원(금호점),p626A,98205,[삭제 예정] [천안불당6] 장재리 1000원,POLYGON,NORMAL,1100,1000,2034-10-02,,0,130,29632,23963;24111;24112;24206;24399;30129;30134;32622;32623;33132;34727;35690;36658;37420;38767;38884;38887;41562;42272;42275;48790;51209;51418;53494;53499;53500;53569;53570;53573;53575;53665;54132;54136;54384;56033;56423;56455;59080;60739;60744;60745;60746;61115;61137;61141;64859;65076;65147;65802;65839;65841;66066;66262;67216;67218;75515;76910;83936;87752;87761;90993;95457;95461;95753;97054;97404;99998;117550;118739;118976;118978;126086;126087;126090;126232;126809;129620;136884;136890;138769;142087;148221;148362;151230;152747;154862;158869;158870;158972;160540;160712;161138;165280;165281;165565;165703;166321;167041;173387;177147;177743;180586;181733;181735;181736;181737;181739;181741;181742;181743;181744;181745;181747;185532;186220;191428;191848;193683;193684;193685;193877;193878;193879;194980;196190;196198;196907;196908;198466;203726
성동구,83936,혜성한의원(금호점),p626A,151452,"미배차대응_7/13~_1,500",UNCONDITIONAL,NORMAL,0,1500,2026-07-13,2026-07-22,1,88,95,24206;24399;30129;30134;32622;32623;33132;34727;35690;36658;37420;38884;38887;41562;42275;51209;51418;53569;53665;54132;54136;54384;56033;56423;60739;60744;60745;60746;64859;65802;65839;66066;67216;67218;75515;76910;83936;97404;99998;118739;118976;118978;126086;126087;126090;126232;126809;129620;138769;142087;148221;151230;152747;158869;158870;160540;161138;166321;177147;177743;180586;181733;181735;181736;181737;181739;181741;185532;186220;191428;194980;196190;196198;203726;210158;212987;216683;228336;228523;231733;233915;236669;238259;243551;248795;249299;255575;262643
성동구,83936,혜성한의원(금호점),p626A,151719,성동구 심야할증 550원,WEEKLY_HOURS,NORMAL,550,0,2026-07-21,,0,1,1,83936
성북구,87752,GS25 동소문제일점,p943A,59880,GS25 기상할증_1,WEATHER,NORMAL,550,500,2023-09-01,,0,29,3091,56033;56423;56455;59080;60739;60744;60745;60746;61115;61137;61141;65076;65147;65802;65839;65841;66066;66262;87752;87761;95457;95461;129620;148221;151230;152747;154862;161138;216683
성북구,87752,GS25 동소문제일점,p943A,98205,[삭제 예정] [천안불당6] 장재리 1000원,POLYGON,NORMAL,1100,1000,2034-10-02,,0,130,29632,23963;24111;24112;24206;24399;30129;30134;32622;32623;33132;34727;35690;36658;37420;38767;38884;38887;41562;42272;42275;48790;51209;51418;53494;53499;53500;53569;53570;53573;53575;53665;54132;54136;54384;56033;56423;56455;59080;60739;60744;60745;60746;61115;61137;61141;64859;65076;65147;65802;65839;65841;66066;66262;67216;67218;75515;76910;83936;87752;87761;90993;95457;95461;95753;97054;97404;99998;117550;118739;118976;118978;126086;126087;126090;126232;126809;129620;136884;136890;138769;142087;148221;148362;151230;152747;154862;158869;158870;158972;160540;160712;161138;165280;165281;165565;165703;166321;167041;173387;177147;177743;180586;181733;181735;181736;181737;181739;181741;181742;181743;181744;181745;181747;185532;186220;191428;191848;193683;193684;193685;193877;193878;193879;194980;196190;196198;196907;196908;198466;203726
성북구,87761,GS25 동소문타운점,p943A,59880,GS25 기상할증_1,WEATHER,NORMAL,550,500,2023-09-01,,0,29,3091,56033;56423;56455;59080;60739;60744;60745;60746;61115;61137;61141;65076;65147;65802;65839;65841;66066;66262;87752;87761;95457;95461;129620;148221;151230;152747;154862;161138;216683
성북구,87761,GS25 동소문타운점,p943A,98205,[삭제 예정] [천안불당6] 장재리 1000원,POLYGON,NORMAL,1100,1000,2034-10-02,,0,130,29632,23963;24111;24112;24206;24399;30129;30134;32622;32623;33132;34727;35690;36658;37420;38767;38884;38887;41562;42272;42275;48790;51209;51418;53494;53499;53500;53569;53570;53573;53575;53665;54132;54136;54384;56033;56423;56455;59080;60739;60744;60745;60746;61115;61137;61141;64859;65076;65147;65802;65839;65841;66066;66262;67216;67218;75515;76910;83936;87752;87761;90993;95457;95461;95753;97054;97404;99998;117550;118739;118976;118978;126086;126087;126090;126232;126809;129620;136884;136890;138769;142087;148221;148362;151230;152747;154862;158869;158870;158972;160540;160712;161138;165280;165281;165565;165703;166321;167041;173387;177147;177743;180586;181733;181735;181736;181737;181739;181741;181742;181743;181744;181745;181747;185532;186220;191428;191848;193683;193684;193685;193877;193878;193879;194980;196190;196198;196907;196908;198466;203726
성북구,90993,세븐일레븐 성북돈암초교점,p943A,24548,세븐일레븐 기상할증,WEATHER,NORMAL,550,500,2021-10-29,,0,4,1210,64859;75515;90993;194980
성북구,90993,세븐일레븐 성북돈암초교점,p943A,98205,[삭제 예정] [천안불당6] 장재리 1000원,POLYGON,NORMAL,1100,1000,2034-10-02,,0,130,29632,23963;24111;24112;24206;24399;30129;30134;32622;32623;33132;34727;35690;36658;37420;38767;38884;38887;41562;42272;42275;48790;51209;51418;53494;53499;53500;53569;53570;53573;53575;53665;54132;54136;54384;56033;56423;56455;59080;60739;60744;60745;60746;61115;61137;61141;64859;65076;65147;65802;65839;65841;66066;66262;67216;67218;75515;76910;83936;87752;87761;90993;95457;95461;95753;97054;97404;99998;117550;118739;118976;118978;126086;126087;126090;126232;126809;129620;136884;136890;138769;142087;148221;148362;151230;152747;154862;158869;158870;158972;160540;160712;161138;165280;165281;165565;165703;166321;167041;173387;177147;177743;180586;181733;181735;181736;181737;181739;181741;181742;181743;181744;181745;181747;185532;186220;191428;191848;193683;193684;193685;193877;193878;193879;194980;196190;196198;196907;196908;198466;203726
성북구,95457,GS25 성북보문점,p943A,59880,GS25 기상할증_1,WEATHER,NORMAL,550,500,2023-09-01,,0,29,3091,56033;56423;56455;59080;60739;60744;60745;60746;61115;61137;61141;65076;65147;65802;65839;65841;66066;66262;87752;87761;95457;95461;129620;148221;151230;152747;154862;161138;216683
성북구,95457,GS25 성북보문점,p943A,98205,[삭제 예정] [천안불당6] 장재리 1000원,POLYGON,NORMAL,1100,1000,2034-10-02,,0,130,29632,23963;24111;24112;24206;24399;30129;30134;32622;32623;33132;34727;35690;36658;37420;38767;38884;38887;41562;42272;42275;48790;51209;51418;53494;53499;53500;53569;53570;53573;53575;53665;54132;54136;54384;56033;56423;56455;59080;60739;60744;60745;60746;61115;61137;61141;64859;65076;65147;65802;65839;65841;66066;66262;67216;67218;75515;76910;83936;87752;87761;90993;95457;95461;95753;97054;97404;99998;117550;118739;118976;118978;126086;126087;126090;126232;126809;129620;136884;136890;138769;142087;148221;148362;151230;152747;154862;158869;158870;158972;160540;160712;161138;165280;165281;165565;165703;166321;167041;173387;177147;177743;180586;181733;181735;181736;181737;181739;181741;181742;181743;181744;181745;181747;185532;186220;191428;191848;193683;193684;193685;193877;193878;193879;194980;196190;196198;196907;196908;198466;203726
성북구,95461,GS25 성북한성점,p943A,59880,GS25 기상할증_1,WEATHER,NORMAL,550,500,2023-09-01,,0,29,3091,56033;56423;56455;59080;60739;60744;60745;60746;61115;61137;61141;65076;65147;65802;65839;65841;66066;66262;87752;87761;95457;95461;129620;148221;151230;152747;154862;161138;216683
성북구,95461,GS25 성북한성점,p943A,98205,[삭제 예정] [천안불당6] 장재리 1000원,POLYGON,NORMAL,1100,1000,2034-10-02,,0,130,29632,23963;24111;24112;24206;24399;30129;30134;32622;32623;33132;34727;35690;36658;37420;38767;38884;38887;41562;42272;42275;48790;51209;51418;53494;53499;53500;53569;53570;53573;53575;53665;54132;54136;54384;56033;56423;56455;59080;60739;60744;60745;60746;61115;61137;61141;64859;65076;65147;65802;65839;65841;66066;66262;67216;67218;75515;76910;83936;87752;87761;90993;95457;95461;95753;97054;97404;99998;117550;118739;118976;118978;126086;126087;126090;126232;126809;129620;136884;136890;138769;142087;148221;148362;151230;152747;154862;158869;158870;158972;160540;160712;161138;165280;165281;165565;165703;166321;167041;173387;177147;177743;180586;181733;181735;181736;181737;181739;181741;181742;181743;181744;181745;181747;185532;186220;191428;191848;193683;193684;193685;193877;193878;193879;194980;196190;196198;196907;196908;198466;203726
성북구,95753,투썸플레이스 종암점,p943A,7743,프라임 기상할증,WEATHER,NORMAL,550,500,2019-07-21,,0,7,1692,54384;95753;160712;177743;185532;248795;262643
성북구,95753,투썸플레이스 종암점,p943A,98205,[삭제 예정] [천안불당6] 장재리 1000원,POLYGON,NORMAL,1100,1000,2034-10-02,,0,130,29632,23963;24111;24112;24206;24399;30129;30134;32622;32623;33132;34727;35690;36658;37420;38767;38884;38887;41562;42272;42275;48790;51209;51418;53494;53499;53500;53569;53570;53573;53575;53665;54132;54136;54384;56033;56423;56455;59080;60739;60744;60745;60746;61115;61137;61141;64859;65076;65147;65802;65839;65841;66066;66262;67216;67218;75515;76910;83936;87752;87761;90993;95457;95461;95753;97054;97404;99998;117550;118739;118976;118978;126086;126087;126090;126232;126809;129620;136884;136890;138769;142087;148221;148362;151230;152747;154862;158869;158870;158972;160540;160712;161138;165280;165281;165565;165703;166321;167041;173387;177147;177743;180586;181733;181735;181736;181737;181739;181741;181742;181743;181744;181745;181747;185532;186220;191428;191848;193683;193684;193685;193877;193878;193879;194980;196190;196198;196907;196908;198466;203726
성북구,95753,투썸플레이스 종암점,p943A,151711,[성북종암] 클라시아아파트 550원,POLYGON,NORMAL,550,0,2026-07-21,,0,3,3,38767;48790;95753
성북구,97054,[길음뉴타운]뚜레쥬르 길음뉴타운,p797A,10399,프라임 기상할증 550원,WEATHER,NORMAL,550,500,2020-01-28,,0,11,1473,35690;42272;97054;136884;136890;148362;180586;210158;243551;249299;255575
성북구,97054,[길음뉴타운]뚜레쥬르 길음뉴타운,p797A,98205,[삭제 예정] [천안불당6] 장재리 1000원,POLYGON,NORMAL,1100,1000,2034-10-02,,0,130,29632,23963;24111;24112;24206;24399;30129;30134;32622;32623;33132;34727;35690;36658;37420;38767;38884;38887;41562;42272;42275;48790;51209;51418;53494;53499;53500;53569;53570;53573;53575;53665;54132;54136;54384;56033;56423;56455;59080;60739;60744;60745;60746;61115;61137;61141;64859;65076;65147;65802;65839;65841;66066;66262;67216;67218;75515;76910;83936;87752;87761;90993;95457;95461;95753;97054;97404;99998;117550;118739;118976;118978;126086;126087;126090;126232;126809;129620;136884;136890;138769;142087;148221;148362;151230;152747;154862;158869;158870;158972;160540;160712;161138;165280;165281;165565;165703;166321;167041;173387;177147;177743;180586;181733;181735;181736;181737;181739;181741;181742;181743;181744;181745;181747;185532;186220;191428;191848;193683;193684;193685;193877;193878;193879;194980;196190;196198;196907;196908;198466;203726
성북구,97054,[길음뉴타운]뚜레쥬르 길음뉴타운,p797A,151708,[성북월곡] 야간할증 770원,WEEKLY_HOURS,NORMAL,770,0,2026-07-21,,0,3,3,97054;237784;257468
성동구,97404,파리바게뜨 마장역점,p626A,98205,[삭제 예정] [천안불당6] 장재리 1000원,POLYGON,NORMAL,1100,1000,2034-10-02,,0,130,29632,23963;24111;24112;24206;24399;30129;30134;32622;32623;33132;34727;35690;36658;37420;38767;38884;38887;41562;42272;42275;48790;51209;51418;53494;53499;53500;53569;53570;53573;53575;53665;54132;54136;54384;56033;56423;56455;59080;60739;60744;60745;60746;61115;61137;61141;64859;65076;65147;65802;65839;65841;66066;66262;67216;67218;75515;76910;83936;87752;87761;90993;95457;95461;95753;97054;97404;99998;117550;118739;118976;118978;126086;126087;126090;126232;126809;129620;136884;136890;138769;142087;148221;148362;151230;152747;154862;158869;158870;158972;160540;160712;161138;165280;165281;165565;165703;166321;167041;173387;177147;177743;180586;181733;181735;181736;181737;181739;181741;181742;181743;181744;181745;181747;185532;186220;191428;191848;193683;193684;193685;193877;193878;193879;194980;196190;196198;196907;196908;198466;203726
성동구,97404,파리바게뜨 마장역점,p626A,151452,"미배차대응_7/13~_1,500",UNCONDITIONAL,NORMAL,0,1500,2026-07-13,2026-07-22,1,88,95,24206;24399;30129;30134;32622;32623;33132;34727;35690;36658;37420;38884;38887;41562;42275;51209;51418;53569;53665;54132;54136;54384;56033;56423;60739;60744;60745;60746;64859;65802;65839;66066;67216;67218;75515;76910;83936;97404;99998;118739;118976;118978;126086;126087;126090;126232;126809;129620;138769;142087;148221;151230;152747;158869;158870;160540;161138;166321;177147;177743;180586;181733;181735;181736;181737;181739;181741;185532;186220;191428;194980;196190;196198;203726;210158;212987;216683;228336;228523;231733;233915;236669;238259;243551;248795;249299;255575;262643
성동구,97404,파리바게뜨 마장역점,p626A,151713,[성동행당] 옥수동 550원,REGIONS,NORMAL,550,0,2026-07-21,,0,2,2,97404;99998
성동구,97404,파리바게뜨 마장역점,p626A,151715,"[성동행당] 답십리,용답동 550원",REGIONS,NORMAL,550,0,2026-07-21,,0,2,2,97404;99998
성동구,99998,파리바게뜨 한양대학교병원점,p626A,19336,[성동행당] 픽업할증 2200원,UNCONDITIONAL,NORMAL,2200,0,2021-04-01,,0,1,1,99998
성동구,99998,파리바게뜨 한양대학교병원점,p626A,98205,[삭제 예정] [천안불당6] 장재리 1000원,POLYGON,NORMAL,1100,1000,2034-10-02,,0,130,29632,23963;24111;24112;24206;24399;30129;30134;32622;32623;33132;34727;35690;36658;37420;38767;38884;38887;41562;42272;42275;48790;51209;51418;53494;53499;53500;53569;53570;53573;53575;53665;54132;54136;54384;56033;56423;56455;59080;60739;60744;60745;60746;61115;61137;61141;64859;65076;65147;65802;65839;65841;66066;66262;67216;67218;75515;76910;83936;87752;87761;90993;95457;95461;95753;97054;97404;99998;117550;118739;118976;118978;126086;126087;126090;126232;126809;129620;136884;136890;138769;142087;148221;148362;151230;152747;154862;158869;158870;158972;160540;160712;161138;165280;165281;165565;165703;166321;167041;173387;177147;177743;180586;181733;181735;181736;181737;181739;181741;181742;181743;181744;181745;181747;185532;186220;191428;191848;193683;193684;193685;193877;193878;193879;194980;196190;196198;196907;196908;198466;203726
성동구,99998,파리바게뜨 한양대학교병원점,p626A,151452,"미배차대응_7/13~_1,500",UNCONDITIONAL,NORMAL,0,1500,2026-07-13,2026-07-22,1,88,95,24206;24399;30129;30134;32622;32623;33132;34727;35690;36658;37420;38884;38887;41562;42275;51209;51418;53569;53665;54132;54136;54384;56033;56423;60739;60744;60745;60746;64859;65802;65839;66066;67216;67218;75515;76910;83936;97404;99998;118739;118976;118978;126086;126087;126090;126232;126809;129620;138769;142087;148221;151230;152747;158869;158870;160540;161138;166321;177147;177743;180586;181733;181735;181736;181737;181739;181741;185532;186220;191428;194980;196190;196198;203726;210158;212987;216683;228336;228523;231733;233915;236669;238259;243551;248795;249299;255575;262643
성동구,99998,파리바게뜨 한양대학교병원점,p626A,151705,[성동행당] 성동교 550원,REGIONS,NORMAL,550,0,2026-07-21,,0,3,5,24206;54384;99998
성동구,99998,파리바게뜨 한양대학교병원점,p626A,151713,[성동행당] 옥수동 550원,REGIONS,NORMAL,550,0,2026-07-21,,0,2,2,97404;99998
성동구,99998,파리바게뜨 한양대학교병원점,p626A,151715,"[성동행당] 답십리,용답동 550원",REGIONS,NORMAL,550,0,2026-07-21,,0,2,2,97404;99998
성동구,99998,파리바게뜨 한양대학교병원점,p626A,151724,[성동행당] 건물할증 1100원,REGIONS,NORMAL,1100,0,2026-07-21,,0,1,1,99998
성북구,117550,즉) 아리따움 한성대점,p943A,6795,[성북동선] 기상할증 550원,WEATHER,NORMAL,550,500,2019-05-13,,0,1,2,117550
성북구,117550,즉) 아리따움 한성대점,p943A,98205,[삭제 예정] [천안불당6] 장재리 1000원,POLYGON,NORMAL,1100,1000,2034-10-02,,0,130,29632,23963;24111;24112;24206;24399;30129;30134;32622;32623;33132;34727;35690;36658;37420;38767;38884;38887;41562;42272;42275;48790;51209;51418;53494;53499;53500;53569;53570;53573;53575;53665;54132;54136;54384;56033;56423;56455;59080;60739;60744;60745;60746;61115;61137;61141;64859;65076;65147;65802;65839;65841;66066;66262;67216;67218;75515;76910;83936;87752;87761;90993;95457;95461;95753;97054;97404;99998;117550;118739;118976;118978;126086;126087;126090;126232;126809;129620;136884;136890;138769;142087;148221;148362;151230;152747;154862;158869;158870;158972;160540;160712;161138;165280;165281;165565;165703;166321;167041;173387;177147;177743;180586;181733;181735;181736;181737;181739;181741;181742;181743;181744;181745;181747;185532;186220;191428;191848;193683;193684;193685;193877;193878;193879;194980;196190;196198;196907;196908;198466;203726
성동구,118739,슈퍼키친 상왕십리,p626A,15331,[기상할증]슈퍼키친,WEATHER,NORMAL,550,500,2020-10-12,,0,3,18,118739;118976;118978
성동구,118739,슈퍼키친 상왕십리,p626A,98205,[삭제 예정] [천안불당6] 장재리 1000원,POLYGON,NORMAL,1100,1000,2034-10-02,,0,130,29632,23963;24111;24112;24206;24399;30129;30134;32622;32623;33132;34727;35690;36658;37420;38767;38884;38887;41562;42272;42275;48790;51209;51418;53494;53499;53500;53569;53570;53573;53575;53665;54132;54136;54384;56033;56423;56455;59080;60739;60744;60745;60746;61115;61137;61141;64859;65076;65147;65802;65839;65841;66066;66262;67216;67218;75515;76910;83936;87752;87761;90993;95457;95461;95753;97054;97404;99998;117550;118739;118976;118978;126086;126087;126090;126232;126809;129620;136884;136890;138769;142087;148221;148362;151230;152747;154862;158869;158870;158972;160540;160712;161138;165280;165281;165565;165703;166321;167041;173387;177147;177743;180586;181733;181735;181736;181737;181739;181741;181742;181743;181744;181745;181747;185532;186220;191428;191848;193683;193684;193685;193877;193878;193879;194980;196190;196198;196907;196908;198466;203726
성동구,118739,슈퍼키친 상왕십리,p626A,151452,"미배차대응_7/13~_1,500",UNCONDITIONAL,NORMAL,0,1500,2026-07-13,2026-07-22,1,88,95,24206;24399;30129;30134;32622;32623;33132;34727;35690;36658;37420;38884;38887;41562;42275;51209;51418;53569;53665;54132;54136;54384;56033;56423;60739;60744;60745;60746;64859;65802;65839;66066;67216;67218;75515;76910;83936;97404;99998;118739;118976;118978;126086;126087;126090;126232;126809;129620;138769;142087;148221;151230;152747;158869;158870;160540;161138;166321;177147;177743;180586;181733;181735;181736;181737;181739;181741;185532;186220;191428;194980;196190;196198;203726;210158;212987;216683;228336;228523;231733;233915;236669;238259;243551;248795;249299;255575;262643
성동구,118976,슈퍼키친 옥수역,p626A,15331,[기상할증]슈퍼키친,WEATHER,NORMAL,550,500,2020-10-12,,0,3,18,118739;118976;118978
성동구,118976,슈퍼키친 옥수역,p626A,98205,[삭제 예정] [천안불당6] 장재리 1000원,POLYGON,NORMAL,1100,1000,2034-10-02,,0,130,29632,23963;24111;24112;24206;24399;30129;30134;32622;32623;33132;34727;35690;36658;37420;38767;38884;38887;41562;42272;42275;48790;51209;51418;53494;53499;53500;53569;53570;53573;53575;53665;54132;54136;54384;56033;56423;56455;59080;60739;60744;60745;60746;61115;61137;61141;64859;65076;65147;65802;65839;65841;66066;66262;67216;67218;75515;76910;83936;87752;87761;90993;95457;95461;95753;97054;97404;99998;117550;118739;118976;118978;126086;126087;126090;126232;126809;129620;136884;136890;138769;142087;148221;148362;151230;152747;154862;158869;158870;158972;160540;160712;161138;165280;165281;165565;165703;166321;167041;173387;177147;177743;180586;181733;181735;181736;181737;181739;181741;181742;181743;181744;181745;181747;185532;186220;191428;191848;193683;193684;193685;193877;193878;193879;194980;196190;196198;196907;196908;198466;203726
성동구,118976,슈퍼키친 옥수역,p626A,151452,"미배차대응_7/13~_1,500",UNCONDITIONAL,NORMAL,0,1500,2026-07-13,2026-07-22,1,88,95,24206;24399;30129;30134;32622;32623;33132;34727;35690;36658;37420;38884;38887;41562;42275;51209;51418;53569;53665;54132;54136;54384;56033;56423;60739;60744;60745;60746;64859;65802;65839;66066;67216;67218;75515;76910;83936;97404;99998;118739;118976;118978;126086;126087;126090;126232;126809;129620;138769;142087;148221;151230;152747;158869;158870;160540;161138;166321;177147;177743;180586;181733;181735;181736;181737;181739;181741;185532;186220;191428;194980;196190;196198;203726;210158;212987;216683;228336;228523;231733;233915;236669;238259;243551;248795;249299;255575;262643
성동구,118978,슈퍼키친 행당역,p626A,15331,[기상할증]슈퍼키친,WEATHER,NORMAL,550,500,2020-10-12,,0,3,18,118739;118976;118978
성동구,118978,슈퍼키친 행당역,p626A,98205,[삭제 예정] [천안불당6] 장재리 1000원,POLYGON,NORMAL,1100,1000,2034-10-02,,0,130,29632,23963;24111;24112;24206;24399;30129;30134;32622;32623;33132;34727;35690;36658;37420;38767;38884;38887;41562;42272;42275;48790;51209;51418;53494;53499;53500;53569;53570;53573;53575;53665;54132;54136;54384;56033;56423;56455;59080;60739;60744;60745;60746;61115;61137;61141;64859;65076;65147;65802;65839;65841;66066;66262;67216;67218;75515;76910;83936;87752;87761;90993;95457;95461;95753;97054;97404;99998;117550;118739;118976;118978;126086;126087;126090;126232;126809;129620;136884;136890;138769;142087;148221;148362;151230;152747;154862;158869;158870;158972;160540;160712;161138;165280;165281;165565;165703;166321;167041;173387;177147;177743;180586;181733;181735;181736;181737;181739;181741;181742;181743;181744;181745;181747;185532;186220;191428;191848;193683;193684;193685;193877;193878;193879;194980;196190;196198;196907;196908;198466;203726
성동구,118978,슈퍼키친 행당역,p626A,151452,"미배차대응_7/13~_1,500",UNCONDITIONAL,NORMAL,0,1500,2026-07-13,2026-07-22,1,88,95,24206;24399;30129;30134;32622;32623;33132;34727;35690;36658;37420;38884;38887;41562;42275;51209;51418;53569;53665;54132;54136;54384;56033;56423;60739;60744;60745;60746;64859;65802;65839;66066;67216;67218;75515;76910;83936;97404;99998;118739;118976;118978;126086;126087;126090;126232;126809;129620;138769;142087;148221;151230;152747;158869;158870;160540;161138;166321;177147;177743;180586;181733;181735;181736;181737;181739;181741;185532;186220;191428;194980;196190;196198;203726;210158;212987;216683;228336;228523;231733;233915;236669;238259;243551;248795;249299;255575;262643
성동구,126086,CU 성동벽산점,p626A,98205,[삭제 예정] [천안불당6] 장재리 1000원,POLYGON,NORMAL,1100,1000,2034-10-02,,0,130,29632,23963;24111;24112;24206;24399;30129;30134;32622;32623;33132;34727;35690;36658;37420;38767;38884;38887;41562;42272;42275;48790;51209;51418;53494;53499;53500;53569;53570;53573;53575;53665;54132;54136;54384;56033;56423;56455;59080;60739;60744;60745;60746;61115;61137;61141;64859;65076;65147;65802;65839;65841;66066;66262;67216;67218;75515;76910;83936;87752;87761;90993;95457;95461;95753;97054;97404;99998;117550;118739;118976;118978;126086;126087;126090;126232;126809;129620;136884;136890;138769;142087;148221;148362;151230;152747;154862;158869;158870;158972;160540;160712;161138;165280;165281;165565;165703;166321;167041;173387;177147;177743;180586;181733;181735;181736;181737;181739;181741;181742;181743;181744;181745;181747;185532;186220;191428;191848;193683;193684;193685;193877;193878;193879;194980;196190;196198;196907;196908;198466;203726
성동구,126086,CU 성동벽산점,p626A,135913,CU 기상할증,WEATHER,NORMAL,550,500,2025-10-01,,0,40,4520,36658;37420;38884;38887;41562;51209;51418;53494;53499;53500;53569;53570;53573;53575;53665;67216;67218;76910;126086;126087;126090;126232;126809;138769;142087;158972;160540;165280;165281;166321;167041;173387;186220;198466;203726;212987;228336;228523;231733;231761
성동구,126086,CU 성동벽산점,p626A,151452,"미배차대응_7/13~_1,500",UNCONDITIONAL,NORMAL,0,1500,2026-07-13,2026-07-22,1,88,95,24206;24399;30129;30134;32622;32623;33132;34727;35690;36658;37420;38884;38887;41562;42275;51209;51418;53569;53665;54132;54136;54384;56033;56423;60739;60744;60745;60746;64859;65802;65839;66066;67216;67218;75515;76910;83936;97404;99998;118739;118976;118978;126086;126087;126090;126232;126809;129620;138769;142087;148221;151230;152747;158869;158870;160540;161138;166321;177147;177743;180586;181733;181735;181736;181737;181739;181741;185532;186220;191428;194980;196190;196198;203726;210158;212987;216683;228336;228523;231733;233915;236669;238259;243551;248795;249299;255575;262643
성동구,126086,CU 성동벽산점,p626A,151701,CU편의점 야간할증,WEEKLY_HOURS,NORMAL,550,0,2026-07-21,,0,39,100,36658;37420;38884;38887;41562;51209;51418;53494;53499;53500;53569;53570;53573;53575;53665;67216;67218;76910;126086;126087;126090;126232;126809;138769;158972;160540;165280;165281;166321;167041;173387;186220;198466;203726;212987;228336;228523;231733;231761
성동구,126087,CU 행당레몬점,p626A,98205,[삭제 예정] [천안불당6] 장재리 1000원,POLYGON,NORMAL,1100,1000,2034-10-02,,0,130,29632,23963;24111;24112;24206;24399;30129;30134;32622;32623;33132;34727;35690;36658;37420;38767;38884;38887;41562;42272;42275;48790;51209;51418;53494;53499;53500;53569;53570;53573;53575;53665;54132;54136;54384;56033;56423;56455;59080;60739;60744;60745;60746;61115;61137;61141;64859;65076;65147;65802;65839;65841;66066;66262;67216;67218;75515;76910;83936;87752;87761;90993;95457;95461;95753;97054;97404;99998;117550;118739;118976;118978;126086;126087;126090;126232;126809;129620;136884;136890;138769;142087;148221;148362;151230;152747;154862;158869;158870;158972;160540;160712;161138;165280;165281;165565;165703;166321;167041;173387;177147;177743;180586;181733;181735;181736;181737;181739;181741;181742;181743;181744;181745;181747;185532;186220;191428;191848;193683;193684;193685;193877;193878;193879;194980;196190;196198;196907;196908;198466;203726
성동구,126087,CU 행당레몬점,p626A,135913,CU 기상할증,WEATHER,NORMAL,550,500,2025-10-01,,0,40,4520,36658;37420;38884;38887;41562;51209;51418;53494;53499;53500;53569;53570;53573;53575;53665;67216;67218;76910;126086;126087;126090;126232;126809;138769;142087;158972;160540;165280;165281;166321;167041;173387;186220;198466;203726;212987;228336;228523;231733;231761
성동구,126087,CU 행당레몬점,p626A,151452,"미배차대응_7/13~_1,500",UNCONDITIONAL,NORMAL,0,1500,2026-07-13,2026-07-22,1,88,95,24206;24399;30129;30134;32622;32623;33132;34727;35690;36658;37420;38884;38887;41562;42275;51209;51418;53569;53665;54132;54136;54384;56033;56423;60739;60744;60745;60746;64859;65802;65839;66066;67216;67218;75515;76910;83936;97404;99998;118739;118976;118978;126086;126087;126090;126232;126809;129620;138769;142087;148221;151230;152747;158869;158870;160540;161138;166321;177147;177743;180586;181733;181735;181736;181737;181739;181741;185532;186220;191428;194980;196190;196198;203726;210158;212987;216683;228336;228523;231733;233915;236669;238259;243551;248795;249299;255575;262643
성동구,126087,CU 행당레몬점,p626A,151701,CU편의점 야간할증,WEEKLY_HOURS,NORMAL,550,0,2026-07-21,,0,39,100,36658;37420;38884;38887;41562;51209;51418;53494;53499;53500;53569;53570;53573;53575;53665;67216;67218;76910;126086;126087;126090;126232;126809;138769;158972;160540;165280;165281;166321;167041;173387;186220;198466;203726;212987;228336;228523;231733;231761
성동구,126090,CU 신금호파크자이점,p626A,98205,[삭제 예정] [천안불당6] 장재리 1000원,POLYGON,NORMAL,1100,1000,2034-10-02,,0,130,29632,23963;24111;24112;24206;24399;30129;30134;32622;32623;33132;34727;35690;36658;37420;38767;38884;38887;41562;42272;42275;48790;51209;51418;53494;53499;53500;53569;53570;53573;53575;53665;54132;54136;54384;56033;56423;56455;59080;60739;60744;60745;60746;61115;61137;61141;64859;65076;65147;65802;65839;65841;66066;66262;67216;67218;75515;76910;83936;87752;87761;90993;95457;95461;95753;97054;97404;99998;117550;118739;118976;118978;126086;126087;126090;126232;126809;129620;136884;136890;138769;142087;148221;148362;151230;152747;154862;158869;158870;158972;160540;160712;161138;165280;165281;165565;165703;166321;167041;173387;177147;177743;180586;181733;181735;181736;181737;181739;181741;181742;181743;181744;181745;181747;185532;186220;191428;191848;193683;193684;193685;193877;193878;193879;194980;196190;196198;196907;196908;198466;203726
성동구,126090,CU 신금호파크자이점,p626A,135913,CU 기상할증,WEATHER,NORMAL,550,500,2025-10-01,,0,40,4520,36658;37420;38884;38887;41562;51209;51418;53494;53499;53500;53569;53570;53573;53575;53665;67216;67218;76910;126086;126087;126090;126232;126809;138769;142087;158972;160540;165280;165281;166321;167041;173387;186220;198466;203726;212987;228336;228523;231733;231761
성동구,126090,CU 신금호파크자이점,p626A,151452,"미배차대응_7/13~_1,500",UNCONDITIONAL,NORMAL,0,1500,2026-07-13,2026-07-22,1,88,95,24206;24399;30129;30134;32622;32623;33132;34727;35690;36658;37420;38884;38887;41562;42275;51209;51418;53569;53665;54132;54136;54384;56033;56423;60739;60744;60745;60746;64859;65802;65839;66066;67216;67218;75515;76910;83936;97404;99998;118739;118976;118978;126086;126087;126090;126232;126809;129620;138769;142087;148221;151230;152747;158869;158870;160540;161138;166321;177147;177743;180586;181733;181735;181736;181737;181739;181741;185532;186220;191428;194980;196190;196198;203726;210158;212987;216683;228336;228523;231733;233915;236669;238259;243551;248795;249299;255575;262643
성동구,126090,CU 신금호파크자이점,p626A,151701,CU편의점 야간할증,WEEKLY_HOURS,NORMAL,550,0,2026-07-21,,0,39,100,36658;37420;38884;38887;41562;51209;51418;53494;53499;53500;53569;53570;53573;53575;53665;67216;67218;76910;126086;126087;126090;126232;126809;138769;158972;160540;165280;165281;166321;167041;173387;186220;198466;203726;212987;228336;228523;231733;231761
성동구,126232,CU 한양대사랑점,p626A,98205,[삭제 예정] [천안불당6] 장재리 1000원,POLYGON,NORMAL,1100,1000,2034-10-02,,0,130,29632,23963;24111;24112;24206;24399;30129;30134;32622;32623;33132;34727;35690;36658;37420;38767;38884;38887;41562;42272;42275;48790;51209;51418;53494;53499;53500;53569;53570;53573;53575;53665;54132;54136;54384;56033;56423;56455;59080;60739;60744;60745;60746;61115;61137;61141;64859;65076;65147;65802;65839;65841;66066;66262;67216;67218;75515;76910;83936;87752;87761;90993;95457;95461;95753;97054;97404;99998;117550;118739;118976;118978;126086;126087;126090;126232;126809;129620;136884;136890;138769;142087;148221;148362;151230;152747;154862;158869;158870;158972;160540;160712;161138;165280;165281;165565;165703;166321;167041;173387;177147;177743;180586;181733;181735;181736;181737;181739;181741;181742;181743;181744;181745;181747;185532;186220;191428;191848;193683;193684;193685;193877;193878;193879;194980;196190;196198;196907;196908;198466;203726
성동구,126232,CU 한양대사랑점,p626A,135913,CU 기상할증,WEATHER,NORMAL,550,500,2025-10-01,,0,40,4520,36658;37420;38884;38887;41562;51209;51418;53494;53499;53500;53569;53570;53573;53575;53665;67216;67218;76910;126086;126087;126090;126232;126809;138769;142087;158972;160540;165280;165281;166321;167041;173387;186220;198466;203726;212987;228336;228523;231733;231761
성동구,126232,CU 한양대사랑점,p626A,151452,"미배차대응_7/13~_1,500",UNCONDITIONAL,NORMAL,0,1500,2026-07-13,2026-07-22,1,88,95,24206;24399;30129;30134;32622;32623;33132;34727;35690;36658;37420;38884;38887;41562;42275;51209;51418;53569;53665;54132;54136;54384;56033;56423;60739;60744;60745;60746;64859;65802;65839;66066;67216;67218;75515;76910;83936;97404;99998;118739;118976;118978;126086;126087;126090;126232;126809;129620;138769;142087;148221;151230;152747;158869;158870;160540;161138;166321;177147;177743;180586;181733;181735;181736;181737;181739;181741;185532;186220;191428;194980;196190;196198;203726;210158;212987;216683;228336;228523;231733;233915;236669;238259;243551;248795;249299;255575;262643
성동구,126232,CU 한양대사랑점,p626A,151701,CU편의점 야간할증,WEEKLY_HOURS,NORMAL,550,0,2026-07-21,,0,39,100,36658;37420;38884;38887;41562;51209;51418;53494;53499;53500;53569;53570;53573;53575;53665;67216;67218;76910;126086;126087;126090;126232;126809;138769;158972;160540;165280;165281;166321;167041;173387;186220;198466;203726;212987;228336;228523;231733;231761
성동구,126809,CU 한양대후문점,p626A,98205,[삭제 예정] [천안불당6] 장재리 1000원,POLYGON,NORMAL,1100,1000,2034-10-02,,0,130,29632,23963;24111;24112;24206;24399;30129;30134;32622;32623;33132;34727;35690;36658;37420;38767;38884;38887;41562;42272;42275;48790;51209;51418;53494;53499;53500;53569;53570;53573;53575;53665;54132;54136;54384;56033;56423;56455;59080;60739;60744;60745;60746;61115;61137;61141;64859;65076;65147;65802;65839;65841;66066;66262;67216;67218;75515;76910;83936;87752;87761;90993;95457;95461;95753;97054;97404;99998;117550;118739;118976;118978;126086;126087;126090;126232;126809;129620;136884;136890;138769;142087;148221;148362;151230;152747;154862;158869;158870;158972;160540;160712;161138;165280;165281;165565;165703;166321;167041;173387;177147;177743;180586;181733;181735;181736;181737;181739;181741;181742;181743;181744;181745;181747;185532;186220;191428;191848;193683;193684;193685;193877;193878;193879;194980;196190;196198;196907;196908;198466;203726
성동구,126809,CU 한양대후문점,p626A,135913,CU 기상할증,WEATHER,NORMAL,550,500,2025-10-01,,0,40,4520,36658;37420;38884;38887;41562;51209;51418;53494;53499;53500;53569;53570;53573;53575;53665;67216;67218;76910;126086;126087;126090;126232;126809;138769;142087;158972;160540;165280;165281;166321;167041;173387;186220;198466;203726;212987;228336;228523;231733;231761
성동구,126809,CU 한양대후문점,p626A,151452,"미배차대응_7/13~_1,500",UNCONDITIONAL,NORMAL,0,1500,2026-07-13,2026-07-22,1,88,95,24206;24399;30129;30134;32622;32623;33132;34727;35690;36658;37420;38884;38887;41562;42275;51209;51418;53569;53665;54132;54136;54384;56033;56423;60739;60744;60745;60746;64859;65802;65839;66066;67216;67218;75515;76910;83936;97404;99998;118739;118976;118978;126086;126087;126090;126232;126809;129620;138769;142087;148221;151230;152747;158869;158870;160540;161138;166321;177147;177743;180586;181733;181735;181736;181737;181739;181741;185532;186220;191428;194980;196190;196198;203726;210158;212987;216683;228336;228523;231733;233915;236669;238259;243551;248795;249299;255575;262643
성동구,126809,CU 한양대후문점,p626A,151701,CU편의점 야간할증,WEEKLY_HOURS,NORMAL,550,0,2026-07-21,,0,39,100,36658;37420;38884;38887;41562;51209;51418;53494;53499;53500;53569;53570;53573;53575;53665;67216;67218;76910;126086;126087;126090;126232;126809;138769;158972;160540;165280;165281;166321;167041;173387;186220;198466;203726;212987;228336;228523;231733;231761
성동구,129620,GS25 성동금남점,p626A,59880,GS25 기상할증_1,WEATHER,NORMAL,550,500,2023-09-01,,0,29,3091,56033;56423;56455;59080;60739;60744;60745;60746;61115;61137;61141;65076;65147;65802;65839;65841;66066;66262;87752;87761;95457;95461;129620;148221;151230;152747;154862;161138;216683
성동구,129620,GS25 성동금남점,p626A,98205,[삭제 예정] [천안불당6] 장재리 1000원,POLYGON,NORMAL,1100,1000,2034-10-02,,0,130,29632,23963;24111;24112;24206;24399;30129;30134;32622;32623;33132;34727;35690;36658;37420;38767;38884;38887;41562;42272;42275;48790;51209;51418;53494;53499;53500;53569;53570;53573;53575;53665;54132;54136;54384;56033;56423;56455;59080;60739;60744;60745;60746;61115;61137;61141;64859;65076;65147;65802;65839;65841;66066;66262;67216;67218;75515;76910;83936;87752;87761;90993;95457;95461;95753;97054;97404;99998;117550;118739;118976;118978;126086;126087;126090;126232;126809;129620;136884;136890;138769;142087;148221;148362;151230;152747;154862;158869;158870;158972;160540;160712;161138;165280;165281;165565;165703;166321;167041;173387;177147;177743;180586;181733;181735;181736;181737;181739;181741;181742;181743;181744;181745;181747;185532;186220;191428;191848;193683;193684;193685;193877;193878;193879;194980;196190;196198;196907;196908;198466;203726
성동구,129620,GS25 성동금남점,p626A,151452,"미배차대응_7/13~_1,500",UNCONDITIONAL,NORMAL,0,1500,2026-07-13,2026-07-22,1,88,95,24206;24399;30129;30134;32622;32623;33132;34727;35690;36658;37420;38884;38887;41562;42275;51209;51418;53569;53665;54132;54136;54384;56033;56423;60739;60744;60745;60746;64859;65802;65839;66066;67216;67218;75515;76910;83936;97404;99998;118739;118976;118978;126086;126087;126090;126232;126809;129620;138769;142087;148221;151230;152747;158869;158870;160540;161138;166321;177147;177743;180586;181733;181735;181736;181737;181739;181741;185532;186220;191428;194980;196190;196198;203726;210158;212987;216683;228336;228523;231733;233915;236669;238259;243551;248795;249299;255575;262643
성북구,136884,스타벅스 한성대입구역,p943A,10399,프라임 기상할증 550원,WEATHER,NORMAL,550,500,2020-01-28,,0,11,1473,35690;42272;97054;136884;136890;148362;180586;210158;243551;249299;255575
성북구,136884,스타벅스 한성대입구역,p943A,50958,[스타벅스] 아침할증 550원,WEEKLY_HOURS,NORMAL,550,500,2023-02-16,,0,3,1158,136884;136890;160712
성북구,136884,스타벅스 한성대입구역,p943A,98205,[삭제 예정] [천안불당6] 장재리 1000원,POLYGON,NORMAL,1100,1000,2034-10-02,,0,130,29632,23963;24111;24112;24206;24399;30129;30134;32622;32623;33132;34727;35690;36658;37420;38767;38884;38887;41562;42272;42275;48790;51209;51418;53494;53499;53500;53569;53570;53573;53575;53665;54132;54136;54384;56033;56423;56455;59080;60739;60744;60745;60746;61115;61137;61141;64859;65076;65147;65802;65839;65841;66066;66262;67216;67218;75515;76910;83936;87752;87761;90993;95457;95461;95753;97054;97404;99998;117550;118739;118976;118978;126086;126087;126090;126232;126809;129620;136884;136890;138769;142087;148221;148362;151230;152747;154862;158869;158870;158972;160540;160712;161138;165280;165281;165565;165703;166321;167041;173387;177147;177743;180586;181733;181735;181736;181737;181739;181741;181742;181743;181744;181745;181747;185532;186220;191428;191848;193683;193684;193685;193877;193878;193879;194980;196190;196198;196907;196908;198466;203726
성북구,136884,스타벅스 한성대입구역,p943A,151700,[성북보문] 창신동 550원,POLYGON,NORMAL,550,0,2026-07-21,,0,6,68,24111;24112;136884;136890;148362;160712
성북구,136884,스타벅스 한성대입구역,p943A,151702,[성북보문] 숭인동 550원,POLYGON,NORMAL,550,0,2026-07-21,,0,4,24,24112;136884;136890;160712
성북구,136884,스타벅스 한성대입구역,p943A,151704,[성북보문] 이화동 550원,POLYGON,NORMAL,550,0,2026-07-21,,0,4,11,136884;136890;160712;191848
성북구,136884,스타벅스 한성대입구역,p943A,151709,[스타벅스] 아침할증 550원,WEEKLY_HOURS,NORMAL,550,0,2026-07-21,,0,3,3,136884;136890;160712
성북구,136884,스타벅스 한성대입구역,p943A,151721,[성북보문] 혜화동 550원,POLYGON,NORMAL,550,0,2026-07-21,,0,2,2,136884;136890
성북구,136890,스타벅스 삼선교,p943A,10399,프라임 기상할증 550원,WEATHER,NORMAL,550,500,2020-01-28,,0,11,1473,35690;42272;97054;136884;136890;148362;180586;210158;243551;249299;255575
성북구,136890,스타벅스 삼선교,p943A,50958,[스타벅스] 아침할증 550원,WEEKLY_HOURS,NORMAL,550,500,2023-02-16,,0,3,1158,136884;136890;160712
성북구,136890,스타벅스 삼선교,p943A,98205,[삭제 예정] [천안불당6] 장재리 1000원,POLYGON,NORMAL,1100,1000,2034-10-02,,0,130,29632,23963;24111;24112;24206;24399;30129;30134;32622;32623;33132;34727;35690;36658;37420;38767;38884;38887;41562;42272;42275;48790;51209;51418;53494;53499;53500;53569;53570;53573;53575;53665;54132;54136;54384;56033;56423;56455;59080;60739;60744;60745;60746;61115;61137;61141;64859;65076;65147;65802;65839;65841;66066;66262;67216;67218;75515;76910;83936;87752;87761;90993;95457;95461;95753;97054;97404;99998;117550;118739;118976;118978;126086;126087;126090;126232;126809;129620;136884;136890;138769;142087;148221;148362;151230;152747;154862;158869;158870;158972;160540;160712;161138;165280;165281;165565;165703;166321;167041;173387;177147;177743;180586;181733;181735;181736;181737;181739;181741;181742;181743;181744;181745;181747;185532;186220;191428;191848;193683;193684;193685;193877;193878;193879;194980;196190;196198;196907;196908;198466;203726
성북구,136890,스타벅스 삼선교,p943A,151700,[성북보문] 창신동 550원,POLYGON,NORMAL,550,0,2026-07-21,,0,6,68,24111;24112;136884;136890;148362;160712
성북구,136890,스타벅스 삼선교,p943A,151702,[성북보문] 숭인동 550원,POLYGON,NORMAL,550,0,2026-07-21,,0,4,24,24112;136884;136890;160712
성북구,136890,스타벅스 삼선교,p943A,151704,[성북보문] 이화동 550원,POLYGON,NORMAL,550,0,2026-07-21,,0,4,11,136884;136890;160712;191848
성북구,136890,스타벅스 삼선교,p943A,151709,[스타벅스] 아침할증 550원,WEEKLY_HOURS,NORMAL,550,0,2026-07-21,,0,3,3,136884;136890;160712
성북구,136890,스타벅스 삼선교,p943A,151721,[성북보문] 혜화동 550원,POLYGON,NORMAL,550,0,2026-07-21,,0,2,2,136884;136890
성동구,138769,CU 옥수극동점,p626A,98205,[삭제 예정] [천안불당6] 장재리 1000원,POLYGON,NORMAL,1100,1000,2034-10-02,,0,130,29632,23963;24111;24112;24206;24399;30129;30134;32622;32623;33132;34727;35690;36658;37420;38767;38884;38887;41562;42272;42275;48790;51209;51418;53494;53499;53500;53569;53570;53573;53575;53665;54132;54136;54384;56033;56423;56455;59080;60739;60744;60745;60746;61115;61137;61141;64859;65076;65147;65802;65839;65841;66066;66262;67216;67218;75515;76910;83936;87752;87761;90993;95457;95461;95753;97054;97404;99998;117550;118739;118976;118978;126086;126087;126090;126232;126809;129620;136884;136890;138769;142087;148221;148362;151230;152747;154862;158869;158870;158972;160540;160712;161138;165280;165281;165565;165703;166321;167041;173387;177147;177743;180586;181733;181735;181736;181737;181739;181741;181742;181743;181744;181745;181747;185532;186220;191428;191848;193683;193684;193685;193877;193878;193879;194980;196190;196198;196907;196908;198466;203726
성동구,138769,CU 옥수극동점,p626A,135913,CU 기상할증,WEATHER,NORMAL,550,500,2025-10-01,,0,40,4520,36658;37420;38884;38887;41562;51209;51418;53494;53499;53500;53569;53570;53573;53575;53665;67216;67218;76910;126086;126087;126090;126232;126809;138769;142087;158972;160540;165280;165281;166321;167041;173387;186220;198466;203726;212987;228336;228523;231733;231761
성동구,138769,CU 옥수극동점,p626A,151452,"미배차대응_7/13~_1,500",UNCONDITIONAL,NORMAL,0,1500,2026-07-13,2026-07-22,1,88,95,24206;24399;30129;30134;32622;32623;33132;34727;35690;36658;37420;38884;38887;41562;42275;51209;51418;53569;53665;54132;54136;54384;56033;56423;60739;60744;60745;60746;64859;65802;65839;66066;67216;67218;75515;76910;83936;97404;99998;118739;118976;118978;126086;126087;126090;126232;126809;129620;138769;142087;148221;151230;152747;158869;158870;160540;161138;166321;177147;177743;180586;181733;181735;181736;181737;181739;181741;185532;186220;191428;194980;196190;196198;203726;210158;212987;216683;228336;228523;231733;233915;236669;238259;243551;248795;249299;255575;262643
성동구,138769,CU 옥수극동점,p626A,151701,CU편의점 야간할증,WEEKLY_HOURS,NORMAL,550,0,2026-07-21,,0,39,100,36658;37420;38884;38887;41562;51209;51418;53494;53499;53500;53569;53570;53573;53575;53665;67216;67218;76910;126086;126087;126090;126232;126809;138769;158972;160540;165280;165281;166321;167041;173387;186220;198466;203726;212987;228336;228523;231733;231761
성동구,142087,CU 한양사대부고점,p626A,98205,[삭제 예정] [천안불당6] 장재리 1000원,POLYGON,NORMAL,1100,1000,2034-10-02,,0,130,29632,23963;24111;24112;24206;24399;30129;30134;32622;32623;33132;34727;35690;36658;37420;38767;38884;38887;41562;42272;42275;48790;51209;51418;53494;53499;53500;53569;53570;53573;53575;53665;54132;54136;54384;56033;56423;56455;59080;60739;60744;60745;60746;61115;61137;61141;64859;65076;65147;65802;65839;65841;66066;66262;67216;67218;75515;76910;83936;87752;87761;90993;95457;95461;95753;97054;97404;99998;117550;118739;118976;118978;126086;126087;126090;126232;126809;129620;136884;136890;138769;142087;148221;148362;151230;152747;154862;158869;158870;158972;160540;160712;161138;165280;165281;165565;165703;166321;167041;173387;177147;177743;180586;181733;181735;181736;181737;181739;181741;181742;181743;181744;181745;181747;185532;186220;191428;191848;193683;193684;193685;193877;193878;193879;194980;196190;196198;196907;196908;198466;203726
성동구,142087,CU 한양사대부고점,p626A,135913,CU 기상할증,WEATHER,NORMAL,550,500,2025-10-01,,0,40,4520,36658;37420;38884;38887;41562;51209;51418;53494;53499;53500;53569;53570;53573;53575;53665;67216;67218;76910;126086;126087;126090;126232;126809;138769;142087;158972;160540;165280;165281;166321;167041;173387;186220;198466;203726;212987;228336;228523;231733;231761
성동구,142087,CU 한양사대부고점,p626A,151452,"미배차대응_7/13~_1,500",UNCONDITIONAL,NORMAL,0,1500,2026-07-13,2026-07-22,1,88,95,24206;24399;30129;30134;32622;32623;33132;34727;35690;36658;37420;38884;38887;41562;42275;51209;51418;53569;53665;54132;54136;54384;56033;56423;60739;60744;60745;60746;64859;65802;65839;66066;67216;67218;75515;76910;83936;97404;99998;118739;118976;118978;126086;126087;126090;126232;126809;129620;138769;142087;148221;151230;152747;158869;158870;160540;161138;166321;177147;177743;180586;181733;181735;181736;181737;181739;181741;185532;186220;191428;194980;196190;196198;203726;210158;212987;216683;228336;228523;231733;233915;236669;238259;243551;248795;249299;255575;262643
성동구,148221,GS25 행당벽산점,p626A,59880,GS25 기상할증_1,WEATHER,NORMAL,550,500,2023-09-01,,0,29,3091,56033;56423;56455;59080;60739;60744;60745;60746;61115;61137;61141;65076;65147;65802;65839;65841;66066;66262;87752;87761;95457;95461;129620;148221;151230;152747;154862;161138;216683
성동구,148221,GS25 행당벽산점,p626A,98205,[삭제 예정] [천안불당6] 장재리 1000원,POLYGON,NORMAL,1100,1000,2034-10-02,,0,130,29632,23963;24111;24112;24206;24399;30129;30134;32622;32623;33132;34727;35690;36658;37420;38767;38884;38887;41562;42272;42275;48790;51209;51418;53494;53499;53500;53569;53570;53573;53575;53665;54132;54136;54384;56033;56423;56455;59080;60739;60744;60745;60746;61115;61137;61141;64859;65076;65147;65802;65839;65841;66066;66262;67216;67218;75515;76910;83936;87752;87761;90993;95457;95461;95753;97054;97404;99998;117550;118739;118976;118978;126086;126087;126090;126232;126809;129620;136884;136890;138769;142087;148221;148362;151230;152747;154862;158869;158870;158972;160540;160712;161138;165280;165281;165565;165703;166321;167041;173387;177147;177743;180586;181733;181735;181736;181737;181739;181741;181742;181743;181744;181745;181747;185532;186220;191428;191848;193683;193684;193685;193877;193878;193879;194980;196190;196198;196907;196908;198466;203726
성동구,148221,GS25 행당벽산점,p626A,151452,"미배차대응_7/13~_1,500",UNCONDITIONAL,NORMAL,0,1500,2026-07-13,2026-07-22,1,88,95,24206;24399;30129;30134;32622;32623;33132;34727;35690;36658;37420;38884;38887;41562;42275;51209;51418;53569;53665;54132;54136;54384;56033;56423;60739;60744;60745;60746;64859;65802;65839;66066;67216;67218;75515;76910;83936;97404;99998;118739;118976;118978;126086;126087;126090;126232;126809;129620;138769;142087;148221;151230;152747;158869;158870;160540;161138;166321;177147;177743;180586;181733;181735;181736;181737;181739;181741;185532;186220;191428;194980;196190;196198;203726;210158;212987;216683;228336;228523;231733;233915;236669;238259;243551;248795;249299;255575;262643
성북구,148362,이마트에브리데이 성북동점,p943A,10399,프라임 기상할증 550원,WEATHER,NORMAL,550,500,2020-01-28,,0,11,1473,35690;42272;97054;136884;136890;148362;180586;210158;243551;249299;255575
성북구,148362,이마트에브리데이 성북동점,p943A,16719,"[성북보문] 정릉3,4동 550원",REGIONS,NORMAL,550,0,2020-12-01,,0,1,1,148362
성북구,148362,이마트에브리데이 성북동점,p943A,30327,[성북보문] 이화동 550원,REGIONS,NORMAL,550,0,2022-02-23,,0,1,1,148362
성북구,148362,이마트에브리데이 성북동점,p943A,98205,[삭제 예정] [천안불당6] 장재리 1000원,POLYGON,NORMAL,1100,1000,2034-10-02,,0,130,29632,23963;24111;24112;24206;24399;30129;30134;32622;32623;33132;34727;35690;36658;37420;38767;38884;38887;41562;42272;42275;48790;51209;51418;53494;53499;53500;53569;53570;53573;53575;53665;54132;54136;54384;56033;56423;56455;59080;60739;60744;60745;60746;61115;61137;61141;64859;65076;65147;65802;65839;65841;66066;66262;67216;67218;75515;76910;83936;87752;87761;90993;95457;95461;95753;97054;97404;99998;117550;118739;118976;118978;126086;126087;126090;126232;126809;129620;136884;136890;138769;142087;148221;148362;151230;152747;154862;158869;158870;158972;160540;160712;161138;165280;165281;165565;165703;166321;167041;173387;177147;177743;180586;181733;181735;181736;181737;181739;181741;181742;181743;181744;181745;181747;185532;186220;191428;191848;193683;193684;193685;193877;193878;193879;194980;196190;196198;196907;196908;198466;203726
성북구,148362,이마트에브리데이 성북동점,p943A,151700,[성북보문] 창신동 550원,POLYGON,NORMAL,550,0,2026-07-21,,0,6,68,24111;24112;136884;136890;148362;160712
성북구,148362,이마트에브리데이 성북동점,p943A,151717,[성북보문] 동숭동 550원 할증,REGIONS,NORMAL,550,0,2026-07-21,,0,2,2,24112;148362
성북구,148362,이마트에브리데이 성북동점,p943A,151718,"[성북보문] 정릉1,2동 550원",REGIONS,NORMAL,550,0,2026-07-21,,0,2,2,24112;148362
성북구,148362,이마트에브리데이 성북동점,p943A,151720,[성북보문] 명륜1~4가 550원,REGIONS,NORMAL,550,0,2026-07-21,,0,1,1,148362
성북구,148362,이마트에브리데이 성북동점,p943A,151722,[성북보문] 연건동 550원 할증,REGIONS,NORMAL,550,0,2026-07-21,,0,1,1,148362
성동구,151230,GS25 마장힐스점,p626A,59880,GS25 기상할증_1,WEATHER,NORMAL,550,500,2023-09-01,,0,29,3091,56033;56423;56455;59080;60739;60744;60745;60746;61115;61137;61141;65076;65147;65802;65839;65841;66066;66262;87752;87761;95457;95461;129620;148221;151230;152747;154862;161138;216683
성동구,151230,GS25 마장힐스점,p626A,98205,[삭제 예정] [천안불당6] 장재리 1000원,POLYGON,NORMAL,1100,1000,2034-10-02,,0,130,29632,23963;24111;24112;24206;24399;30129;30134;32622;32623;33132;34727;35690;36658;37420;38767;38884;38887;41562;42272;42275;48790;51209;51418;53494;53499;53500;53569;53570;53573;53575;53665;54132;54136;54384;56033;56423;56455;59080;60739;60744;60745;60746;61115;61137;61141;64859;65076;65147;65802;65839;65841;66066;66262;67216;67218;75515;76910;83936;87752;87761;90993;95457;95461;95753;97054;97404;99998;117550;118739;118976;118978;126086;126087;126090;126232;126809;129620;136884;136890;138769;142087;148221;148362;151230;152747;154862;158869;158870;158972;160540;160712;161138;165280;165281;165565;165703;166321;167041;173387;177147;177743;180586;181733;181735;181736;181737;181739;181741;181742;181743;181744;181745;181747;185532;186220;191428;191848;193683;193684;193685;193877;193878;193879;194980;196190;196198;196907;196908;198466;203726
성동구,151230,GS25 마장힐스점,p626A,151452,"미배차대응_7/13~_1,500",UNCONDITIONAL,NORMAL,0,1500,2026-07-13,2026-07-22,1,88,95,24206;24399;30129;30134;32622;32623;33132;34727;35690;36658;37420;38884;38887;41562;42275;51209;51418;53569;53665;54132;54136;54384;56033;56423;60739;60744;60745;60746;64859;65802;65839;66066;67216;67218;75515;76910;83936;97404;99998;118739;118976;118978;126086;126087;126090;126232;126809;129620;138769;142087;148221;151230;152747;158869;158870;160540;161138;166321;177147;177743;180586;181733;181735;181736;181737;181739;181741;185532;186220;191428;194980;196190;196198;203726;210158;212987;216683;228336;228523;231733;233915;236669;238259;243551;248795;249299;255575;262643
성동구,152747,GS25 한양제일점,p626A,59880,GS25 기상할증_1,WEATHER,NORMAL,550,500,2023-09-01,,0,29,3091,56033;56423;56455;59080;60739;60744;60745;60746;61115;61137;61141;65076;65147;65802;65839;65841;66066;66262;87752;87761;95457;95461;129620;148221;151230;152747;154862;161138;216683
성동구,152747,GS25 한양제일점,p626A,98205,[삭제 예정] [천안불당6] 장재리 1000원,POLYGON,NORMAL,1100,1000,2034-10-02,,0,130,29632,23963;24111;24112;24206;24399;30129;30134;32622;32623;33132;34727;35690;36658;37420;38767;38884;38887;41562;42272;42275;48790;51209;51418;53494;53499;53500;53569;53570;53573;53575;53665;54132;54136;54384;56033;56423;56455;59080;60739;60744;60745;60746;61115;61137;61141;64859;65076;65147;65802;65839;65841;66066;66262;67216;67218;75515;76910;83936;87752;87761;90993;95457;95461;95753;97054;97404;99998;117550;118739;118976;118978;126086;126087;126090;126232;126809;129620;136884;136890;138769;142087;148221;148362;151230;152747;154862;158869;158870;158972;160540;160712;161138;165280;165281;165565;165703;166321;167041;173387;177147;177743;180586;181733;181735;181736;181737;181739;181741;181742;181743;181744;181745;181747;185532;186220;191428;191848;193683;193684;193685;193877;193878;193879;194980;196190;196198;196907;196908;198466;203726
성동구,152747,GS25 한양제일점,p626A,151452,"미배차대응_7/13~_1,500",UNCONDITIONAL,NORMAL,0,1500,2026-07-13,2026-07-22,1,88,95,24206;24399;30129;30134;32622;32623;33132;34727;35690;36658;37420;38884;38887;41562;42275;51209;51418;53569;53665;54132;54136;54384;56033;56423;60739;60744;60745;60746;64859;65802;65839;66066;67216;67218;75515;76910;83936;97404;99998;118739;118976;118978;126086;126087;126090;126232;126809;129620;138769;142087;148221;151230;152747;158869;158870;160540;161138;166321;177147;177743;180586;181733;181735;181736;181737;181739;181741;185532;186220;191428;194980;196190;196198;203726;210158;212987;216683;228336;228523;231733;233915;236669;238259;243551;248795;249299;255575;262643
성북구,154862,GS25 성북구청점,p943A,59880,GS25 기상할증_1,WEATHER,NORMAL,550,500,2023-09-01,,0,29,3091,56033;56423;56455;59080;60739;60744;60745;60746;61115;61137;61141;65076;65147;65802;65839;65841;66066;66262;87752;87761;95457;95461;129620;148221;151230;152747;154862;161138;216683
성북구,154862,GS25 성북구청점,p943A,98205,[삭제 예정] [천안불당6] 장재리 1000원,POLYGON,NORMAL,1100,1000,2034-10-02,,0,130,29632,23963;24111;24112;24206;24399;30129;30134;32622;32623;33132;34727;35690;36658;37420;38767;38884;38887;41562;42272;42275;48790;51209;51418;53494;53499;53500;53569;53570;53573;53575;53665;54132;54136;54384;56033;56423;56455;59080;60739;60744;60745;60746;61115;61137;61141;64859;65076;65147;65802;65839;65841;66066;66262;67216;67218;75515;76910;83936;87752;87761;90993;95457;95461;95753;97054;97404;99998;117550;118739;118976;118978;126086;126087;126090;126232;126809;129620;136884;136890;138769;142087;148221;148362;151230;152747;154862;158869;158870;158972;160540;160712;161138;165280;165281;165565;165703;166321;167041;173387;177147;177743;180586;181733;181735;181736;181737;181739;181741;181742;181743;181744;181745;181747;185532;186220;191428;191848;193683;193684;193685;193877;193878;193879;194980;196190;196198;196907;196908;198466;203726
성동구,158869,올리브영 신금호역점,p626A,33928,[올리브영] 기상할증 550원,WEATHER,NORMAL,550,500,2022-03-31,,0,16,2017,30129;30134;54132;54136;158869;158870;193683;193684;193685;193877;193878;193879;196190;196198;219944;220823
성동구,158869,올리브영 신금호역점,p626A,98205,[삭제 예정] [천안불당6] 장재리 1000원,POLYGON,NORMAL,1100,1000,2034-10-02,,0,130,29632,23963;24111;24112;24206;24399;30129;30134;32622;32623;33132;34727;35690;36658;37420;38767;38884;38887;41562;42272;42275;48790;51209;51418;53494;53499;53500;53569;53570;53573;53575;53665;54132;54136;54384;56033;56423;56455;59080;60739;60744;60745;60746;61115;61137;61141;64859;65076;65147;65802;65839;65841;66066;66262;67216;67218;75515;76910;83936;87752;87761;90993;95457;95461;95753;97054;97404;99998;117550;118739;118976;118978;126086;126087;126090;126232;126809;129620;136884;136890;138769;142087;148221;148362;151230;152747;154862;158869;158870;158972;160540;160712;161138;165280;165281;165565;165703;166321;167041;173387;177147;177743;180586;181733;181735;181736;181737;181739;181741;181742;181743;181744;181745;181747;185532;186220;191428;191848;193683;193684;193685;193877;193878;193879;194980;196190;196198;196907;196908;198466;203726
성동구,158869,올리브영 신금호역점,p626A,151452,"미배차대응_7/13~_1,500",UNCONDITIONAL,NORMAL,0,1500,2026-07-13,2026-07-22,1,88,95,24206;24399;30129;30134;32622;32623;33132;34727;35690;36658;37420;38884;38887;41562;42275;51209;51418;53569;53665;54132;54136;54384;56033;56423;60739;60744;60745;60746;64859;65802;65839;66066;67216;67218;75515;76910;83936;97404;99998;118739;118976;118978;126086;126087;126090;126232;126809;129620;138769;142087;148221;151230;152747;158869;158870;160540;161138;166321;177147;177743;180586;181733;181735;181736;181737;181739;181741;185532;186220;191428;194980;196190;196198;203726;210158;212987;216683;228336;228523;231733;233915;236669;238259;243551;248795;249299;255575;262643
성동구,158870,[유휴]올리브영 신금호역점,p626A,33928,[올리브영] 기상할증 550원,WEATHER,NORMAL,550,500,2022-03-31,,0,16,2017,30129;30134;54132;54136;158869;158870;193683;193684;193685;193877;193878;193879;196190;196198;219944;220823
성동구,158870,[유휴]올리브영 신금호역점,p626A,98205,[삭제 예정] [천안불당6] 장재리 1000원,POLYGON,NORMAL,1100,1000,2034-10-02,,0,130,29632,23963;24111;24112;24206;24399;30129;30134;32622;32623;33132;34727;35690;36658;37420;38767;38884;38887;41562;42272;42275;48790;51209;51418;53494;53499;53500;53569;53570;53573;53575;53665;54132;54136;54384;56033;56423;56455;59080;60739;60744;60745;60746;61115;61137;61141;64859;65076;65147;65802;65839;65841;66066;66262;67216;67218;75515;76910;83936;87752;87761;90993;95457;95461;95753;97054;97404;99998;117550;118739;118976;118978;126086;126087;126090;126232;126809;129620;136884;136890;138769;142087;148221;148362;151230;152747;154862;158869;158870;158972;160540;160712;161138;165280;165281;165565;165703;166321;167041;173387;177147;177743;180586;181733;181735;181736;181737;181739;181741;181742;181743;181744;181745;181747;185532;186220;191428;191848;193683;193684;193685;193877;193878;193879;194980;196190;196198;196907;196908;198466;203726
성동구,158870,[유휴]올리브영 신금호역점,p626A,151452,"미배차대응_7/13~_1,500",UNCONDITIONAL,NORMAL,0,1500,2026-07-13,2026-07-22,1,88,95,24206;24399;30129;30134;32622;32623;33132;34727;35690;36658;37420;38884;38887;41562;42275;51209;51418;53569;53665;54132;54136;54384;56033;56423;60739;60744;60745;60746;64859;65802;65839;66066;67216;67218;75515;76910;83936;97404;99998;118739;118976;118978;126086;126087;126090;126232;126809;129620;138769;142087;148221;151230;152747;158869;158870;160540;161138;166321;177147;177743;180586;181733;181735;181736;181737;181739;181741;185532;186220;191428;194980;196190;196198;203726;210158;212987;216683;228336;228523;231733;233915;236669;238259;243551;248795;249299;255575;262643
성북구,158972,CU 동소문본점,p943A,98205,[삭제 예정] [천안불당6] 장재리 1000원,POLYGON,NORMAL,1100,1000,2034-10-02,,0,130,29632,23963;24111;24112;24206;24399;30129;30134;32622;32623;33132;34727;35690;36658;37420;38767;38884;38887;41562;42272;42275;48790;51209;51418;53494;53499;53500;53569;53570;53573;53575;53665;54132;54136;54384;56033;56423;56455;59080;60739;60744;60745;60746;61115;61137;61141;64859;65076;65147;65802;65839;65841;66066;66262;67216;67218;75515;76910;83936;87752;87761;90993;95457;95461;95753;97054;97404;99998;117550;118739;118976;118978;126086;126087;126090;126232;126809;129620;136884;136890;138769;142087;148221;148362;151230;152747;154862;158869;158870;158972;160540;160712;161138;165280;165281;165565;165703;166321;167041;173387;177147;177743;180586;181733;181735;181736;181737;181739;181741;181742;181743;181744;181745;181747;185532;186220;191428;191848;193683;193684;193685;193877;193878;193879;194980;196190;196198;196907;196908;198466;203726
성북구,158972,CU 동소문본점,p943A,135913,CU 기상할증,WEATHER,NORMAL,550,500,2025-10-01,,0,40,4520,36658;37420;38884;38887;41562;51209;51418;53494;53499;53500;53569;53570;53573;53575;53665;67216;67218;76910;126086;126087;126090;126232;126809;138769;142087;158972;160540;165280;165281;166321;167041;173387;186220;198466;203726;212987;228336;228523;231733;231761
성북구,158972,CU 동소문본점,p943A,151664,CU_5차 프리미엄테스트(100),UNCONDITIONAL,NORMAL,0,1000,2026-07-22,2026-08-18,1,1,118,158972
성북구,158972,CU 동소문본점,p943A,151681,CU 특별할증(5차 테스트),UNCONDITIONAL,NORMAL,0,1000,2026-07-22,2026-08-18,0,1,118,158972
성북구,158972,CU 동소문본점,p943A,151701,CU편의점 야간할증,WEEKLY_HOURS,NORMAL,550,0,2026-07-21,,0,39,100,36658;37420;38884;38887;41562;51209;51418;53494;53499;53500;53569;53570;53573;53575;53665;67216;67218;76910;126086;126087;126090;126232;126809;138769;158972;160540;165280;165281;166321;167041;173387;186220;198466;203726;212987;228336;228523;231733;231761
성동구,160540,CU 금호사거리점,p626A,98205,[삭제 예정] [천안불당6] 장재리 1000원,POLYGON,NORMAL,1100,1000,2034-10-02,,0,130,29632,23963;24111;24112;24206;24399;30129;30134;32622;32623;33132;34727;35690;36658;37420;38767;38884;38887;41562;42272;42275;48790;51209;51418;53494;53499;53500;53569;53570;53573;53575;53665;54132;54136;54384;56033;56423;56455;59080;60739;60744;60745;60746;61115;61137;61141;64859;65076;65147;65802;65839;65841;66066;66262;67216;67218;75515;76910;83936;87752;87761;90993;95457;95461;95753;97054;97404;99998;117550;118739;118976;118978;126086;126087;126090;126232;126809;129620;136884;136890;138769;142087;148221;148362;151230;152747;154862;158869;158870;158972;160540;160712;161138;165280;165281;165565;165703;166321;167041;173387;177147;177743;180586;181733;181735;181736;181737;181739;181741;181742;181743;181744;181745;181747;185532;186220;191428;191848;193683;193684;193685;193877;193878;193879;194980;196190;196198;196907;196908;198466;203726
성동구,160540,CU 금호사거리점,p626A,135913,CU 기상할증,WEATHER,NORMAL,550,500,2025-10-01,,0,40,4520,36658;37420;38884;38887;41562;51209;51418;53494;53499;53500;53569;53570;53573;53575;53665;67216;67218;76910;126086;126087;126090;126232;126809;138769;142087;158972;160540;165280;165281;166321;167041;173387;186220;198466;203726;212987;228336;228523;231733;231761
성동구,160540,CU 금호사거리점,p626A,151452,"미배차대응_7/13~_1,500",UNCONDITIONAL,NORMAL,0,1500,2026-07-13,2026-07-22,1,88,95,24206;24399;30129;30134;32622;32623;33132;34727;35690;36658;37420;38884;38887;41562;42275;51209;51418;53569;53665;54132;54136;54384;56033;56423;60739;60744;60745;60746;64859;65802;65839;66066;67216;67218;75515;76910;83936;97404;99998;118739;118976;118978;126086;126087;126090;126232;126809;129620;138769;142087;148221;151230;152747;158869;158870;160540;161138;166321;177147;177743;180586;181733;181735;181736;181737;181739;181741;185532;186220;191428;194980;196190;196198;203726;210158;212987;216683;228336;228523;231733;233915;236669;238259;243551;248795;249299;255575;262643
성동구,160540,CU 금호사거리점,p626A,151701,CU편의점 야간할증,WEEKLY_HOURS,NORMAL,550,0,2026-07-21,,0,39,100,36658;37420;38884;38887;41562;51209;51418;53494;53499;53500;53569;53570;53573;53575;53665;67216;67218;76910;126086;126087;126090;126232;126809;138769;158972;160540;165280;165281;166321;167041;173387;186220;198466;203726;212987;228336;228523;231733;231761
성북구,160712,스타벅스 성신여대정문,p943A,7743,프라임 기상할증,WEATHER,NORMAL,550,500,2019-07-21,,0,7,1692,54384;95753;160712;177743;185532;248795;262643
성북구,160712,스타벅스 성신여대정문,p943A,30324,[성북보문] 용신동 550원,REGIONS,NORMAL,550,0,2022-02-23,,0,1,1,160712
성북구,160712,스타벅스 성신여대정문,p943A,30325,[성북보문] 제기동 550원,REGIONS,NORMAL,550,0,2022-02-22,,0,1,1,160712
성북구,160712,스타벅스 성신여대정문,p943A,50958,[스타벅스] 아침할증 550원,WEEKLY_HOURS,NORMAL,550,500,2023-02-16,,0,3,1158,136884;136890;160712
성북구,160712,스타벅스 성신여대정문,p943A,98205,[삭제 예정] [천안불당6] 장재리 1000원,POLYGON,NORMAL,1100,1000,2034-10-02,,0,130,29632,23963;24111;24112;24206;24399;30129;30134;32622;32623;33132;34727;35690;36658;37420;38767;38884;38887;41562;42272;42275;48790;51209;51418;53494;53499;53500;53569;53570;53573;53575;53665;54132;54136;54384;56033;56423;56455;59080;60739;60744;60745;60746;61115;61137;61141;64859;65076;65147;65802;65839;65841;66066;66262;67216;67218;75515;76910;83936;87752;87761;90993;95457;95461;95753;97054;97404;99998;117550;118739;118976;118978;126086;126087;126090;126232;126809;129620;136884;136890;138769;142087;148221;148362;151230;152747;154862;158869;158870;158972;160540;160712;161138;165280;165281;165565;165703;166321;167041;173387;177147;177743;180586;181733;181735;181736;181737;181739;181741;181742;181743;181744;181745;181747;185532;186220;191428;191848;193683;193684;193685;193877;193878;193879;194980;196190;196198;196907;196908;198466;203726
성북구,160712,스타벅스 성신여대정문,p943A,151700,[성북보문] 창신동 550원,POLYGON,NORMAL,550,0,2026-07-21,,0,6,68,24111;24112;136884;136890;148362;160712
성북구,160712,스타벅스 성신여대정문,p943A,151702,[성북보문] 숭인동 550원,POLYGON,NORMAL,550,0,2026-07-21,,0,4,24,24112;136884;136890;160712
성북구,160712,스타벅스 성신여대정문,p943A,151704,[성북보문] 이화동 550원,POLYGON,NORMAL,550,0,2026-07-21,,0,4,11,136884;136890;160712;191848
성북구,160712,스타벅스 성신여대정문,p943A,151707,[성북보문] 종암동 550원,REGIONS,NORMAL,550,0,2026-07-21,,0,3,3,24112;160712;191848
성북구,160712,스타벅스 성신여대정문,p943A,151709,[스타벅스] 아침할증 550원,WEEKLY_HOURS,NORMAL,550,0,2026-07-21,,0,3,3,136884;136890;160712
성북구,160712,스타벅스 성신여대정문,p943A,151716,[성북보문] 혜화동 550원,REGIONS,NORMAL,550,0,2026-07-21,,0,2,2,160712;191848
성북구,160712,스타벅스 성신여대정문,p943A,151723,[성북보문] 성북동 550원,REGIONS,NORMAL,550,0,2026-07-21,,0,2,2,160712;191848
성동구,161138,GS25 금호극동점,p626A,59880,GS25 기상할증_1,WEATHER,NORMAL,550,500,2023-09-01,,0,29,3091,56033;56423;56455;59080;60739;60744;60745;60746;61115;61137;61141;65076;65147;65802;65839;65841;66066;66262;87752;87761;95457;95461;129620;148221;151230;152747;154862;161138;216683
성동구,161138,GS25 금호극동점,p626A,98205,[삭제 예정] [천안불당6] 장재리 1000원,POLYGON,NORMAL,1100,1000,2034-10-02,,0,130,29632,23963;24111;24112;24206;24399;30129;30134;32622;32623;33132;34727;35690;36658;37420;38767;38884;38887;41562;42272;42275;48790;51209;51418;53494;53499;53500;53569;53570;53573;53575;53665;54132;54136;54384;56033;56423;56455;59080;60739;60744;60745;60746;61115;61137;61141;64859;65076;65147;65802;65839;65841;66066;66262;67216;67218;75515;76910;83936;87752;87761;90993;95457;95461;95753;97054;97404;99998;117550;118739;118976;118978;126086;126087;126090;126232;126809;129620;136884;136890;138769;142087;148221;148362;151230;152747;154862;158869;158870;158972;160540;160712;161138;165280;165281;165565;165703;166321;167041;173387;177147;177743;180586;181733;181735;181736;181737;181739;181741;181742;181743;181744;181745;181747;185532;186220;191428;191848;193683;193684;193685;193877;193878;193879;194980;196190;196198;196907;196908;198466;203726
성동구,161138,GS25 금호극동점,p626A,151452,"미배차대응_7/13~_1,500",UNCONDITIONAL,NORMAL,0,1500,2026-07-13,2026-07-22,1,88,95,24206;24399;30129;30134;32622;32623;33132;34727;35690;36658;37420;38884;38887;41562;42275;51209;51418;53569;53665;54132;54136;54384;56033;56423;60739;60744;60745;60746;64859;65802;65839;66066;67216;67218;75515;76910;83936;97404;99998;118739;118976;118978;126086;126087;126090;126232;126809;129620;138769;142087;148221;151230;152747;158869;158870;160540;161138;166321;177147;177743;180586;181733;181735;181736;181737;181739;181741;185532;186220;191428;194980;196190;196198;203726;210158;212987;216683;228336;228523;231733;233915;236669;238259;243551;248795;249299;255575;262643
성북구,165280,CU 성북보문점,p943A,98205,[삭제 예정] [천안불당6] 장재리 1000원,POLYGON,NORMAL,1100,1000,2034-10-02,,0,130,29632,23963;24111;24112;24206;24399;30129;30134;32622;32623;33132;34727;35690;36658;37420;38767;38884;38887;41562;42272;42275;48790;51209;51418;53494;53499;53500;53569;53570;53573;53575;53665;54132;54136;54384;56033;56423;56455;59080;60739;60744;60745;60746;61115;61137;61141;64859;65076;65147;65802;65839;65841;66066;66262;67216;67218;75515;76910;83936;87752;87761;90993;95457;95461;95753;97054;97404;99998;117550;118739;118976;118978;126086;126087;126090;126232;126809;129620;136884;136890;138769;142087;148221;148362;151230;152747;154862;158869;158870;158972;160540;160712;161138;165280;165281;165565;165703;166321;167041;173387;177147;177743;180586;181733;181735;181736;181737;181739;181741;181742;181743;181744;181745;181747;185532;186220;191428;191848;193683;193684;193685;193877;193878;193879;194980;196190;196198;196907;196908;198466;203726
성북구,165280,CU 성북보문점,p943A,135913,CU 기상할증,WEATHER,NORMAL,550,500,2025-10-01,,0,40,4520,36658;37420;38884;38887;41562;51209;51418;53494;53499;53500;53569;53570;53573;53575;53665;67216;67218;76910;126086;126087;126090;126232;126809;138769;142087;158972;160540;165280;165281;166321;167041;173387;186220;198466;203726;212987;228336;228523;231733;231761
성북구,165280,CU 성북보문점,p943A,151701,CU편의점 야간할증,WEEKLY_HOURS,NORMAL,550,0,2026-07-21,,0,39,100,36658;37420;38884;38887;41562;51209;51418;53494;53499;53500;53569;53570;53573;53575;53665;67216;67218;76910;126086;126087;126090;126232;126809;138769;158972;160540;165280;165281;166321;167041;173387;186220;198466;203726;212987;228336;228523;231733;231761
성북구,165281,CU 보문아남점,p943A,98205,[삭제 예정] [천안불당6] 장재리 1000원,POLYGON,NORMAL,1100,1000,2034-10-02,,0,130,29632,23963;24111;24112;24206;24399;30129;30134;32622;32623;33132;34727;35690;36658;37420;38767;38884;38887;41562;42272;42275;48790;51209;51418;53494;53499;53500;53569;53570;53573;53575;53665;54132;54136;54384;56033;56423;56455;59080;60739;60744;60745;60746;61115;61137;61141;64859;65076;65147;65802;65839;65841;66066;66262;67216;67218;75515;76910;83936;87752;87761;90993;95457;95461;95753;97054;97404;99998;117550;118739;118976;118978;126086;126087;126090;126232;126809;129620;136884;136890;138769;142087;148221;148362;151230;152747;154862;158869;158870;158972;160540;160712;161138;165280;165281;165565;165703;166321;167041;173387;177147;177743;180586;181733;181735;181736;181737;181739;181741;181742;181743;181744;181745;181747;185532;186220;191428;191848;193683;193684;193685;193877;193878;193879;194980;196190;196198;196907;196908;198466;203726
성북구,165281,CU 보문아남점,p943A,135913,CU 기상할증,WEATHER,NORMAL,550,500,2025-10-01,,0,40,4520,36658;37420;38884;38887;41562;51209;51418;53494;53499;53500;53569;53570;53573;53575;53665;67216;67218;76910;126086;126087;126090;126232;126809;138769;142087;158972;160540;165280;165281;166321;167041;173387;186220;198466;203726;212987;228336;228523;231733;231761
성북구,165281,CU 보문아남점,p943A,151701,CU편의점 야간할증,WEEKLY_HOURS,NORMAL,550,0,2026-07-21,,0,39,100,36658;37420;38884;38887;41562;51209;51418;53494;53499;53500;53569;53570;53573;53575;53665;67216;67218;76910;126086;126087;126090;126232;126809;138769;158972;160540;165280;165281;166321;167041;173387;186220;198466;203726;212987;228336;228523;231733;231761
성북구,165565,요기요OD_성북동선지점/성북,p943A,83079,요기요 기상할증(원가500),WEATHER,YOGIYO,275,500,2024-05-26,,0,4,958,165565;165703;196907;196908
성북구,165565,요기요OD_성북동선지점/성북,p943A,98205,[삭제 예정] [천안불당6] 장재리 1000원,POLYGON,NORMAL,1100,1000,2034-10-02,,0,130,29632,23963;24111;24112;24206;24399;30129;30134;32622;32623;33132;34727;35690;36658;37420;38767;38884;38887;41562;42272;42275;48790;51209;51418;53494;53499;53500;53569;53570;53573;53575;53665;54132;54136;54384;56033;56423;56455;59080;60739;60744;60745;60746;61115;61137;61141;64859;65076;65147;65802;65839;65841;66066;66262;67216;67218;75515;76910;83936;87752;87761;90993;95457;95461;95753;97054;97404;99998;117550;118739;118976;118978;126086;126087;126090;126232;126809;129620;136884;136890;138769;142087;148221;148362;151230;152747;154862;158869;158870;158972;160540;160712;161138;165280;165281;165565;165703;166321;167041;173387;177147;177743;180586;181733;181735;181736;181737;181739;181741;181742;181743;181744;181745;181747;185532;186220;191428;191848;193683;193684;193685;193877;193878;193879;194980;196190;196198;196907;196908;198466;203726
성북구,165565,요기요OD_성북동선지점/성북,p943A,103078,[성북요] →종암 500원,POLYGON,YOGIYO,275,500,2024-11-01,,0,2,4,165565;165703
성북구,165565,요기요OD_성북동선지점/성북,p943A,117600,요기요 주류배송 할증(100),LIQUOR,NORMAL,0,500,2025-03-11,,1,4,952,165565;165703;196907;196908
성북구,165565,요기요OD_성북동선지점/성북,p943A,134186,"[성북요] 동묘→ 1,000원",POLYGON,YOGIYO,550,1000,2025-07-18,,0,2,4,165565;165703
성북구,165565,요기요OD_성북동선지점/성북,p943A,134187,[성북요] 창신→ 500원,POLYGON,YOGIYO,275,500,2025-07-18,,0,2,4,165565;165703
성북구,165565,요기요OD_성북동선지점/성북,p943A,134188,[성북요] 용신→ 500원,POLYGON,YOGIYO,275,500,2025-07-18,,0,2,4,165565;165703
성북구,165565,요기요OD_성북동선지점/성북,p943A,134189,"[성북요] →동묘 1,000원",POLYGON,YOGIYO,550,1000,2025-07-18,,0,2,4,165565;165703
성북구,165565,요기요OD_성북동선지점/성북,p943A,134190,[성북요] →동묘 500원,POLYGON,YOGIYO,275,500,2025-07-18,,0,2,4,165565;165703
성북구,165565,요기요OD_성북동선지점/성북,p943A,134191,[성북요] →창신 500원,POLYGON,YOGIYO,275,500,2025-07-18,,0,2,4,165565;165703
성북구,165565,요기요OD_성북동선지점/성북,p943A,134192,[성북요] →용신 500원,POLYGON,YOGIYO,275,500,2025-07-18,,0,2,4,165565;165703
성북구,165565,요기요OD_성북동선지점/성북,p943A,137769,[성북요] →정릉 500원,POLYGON,YOGIYO,275,500,2025-09-23,,0,2,4,165565;165703
성북구,165565,요기요OD_성북동선지점/성북,p943A,137770,[성북요] 정릉→ 500원,POLYGON,YOGIYO,275,500,2025-09-23,,0,2,4,165565;165703
성북구,165565,요기요OD_성북동선지점/성북,p943A,137771,[성북요] 성북→ 500원,POLYGON,YOGIYO,275,500,2025-09-01,,0,2,4,165565;165703
성북구,165565,요기요OD_성북동선지점/성북,p943A,137772,[성북요] →성북 500원,POLYGON,YOGIYO,275,500,2025-09-01,,0,2,4,165565;165703
성북구,165565,요기요OD_성북동선지점/성북,p943A,137773,[성북요] 동묘시장→ 1000원,POLYGON,YOGIYO,550,1000,2025-09-23,,0,2,4,165565;165703
성북구,165565,요기요OD_성북동선지점/성북,p943A,137777,[성북요] →동묘시장 1000원,POLYGON,YOGIYO,550,1000,2025-09-01,,0,2,4,165565;165703
성북구,165565,요기요OD_성북동선지점/성북,p943A,146471,특정 이마트 할증(100),REGIONS,NORMAL,0,2000,2026-03-11,,1,2,4,165565;165703
성북구,165565,요기요OD_성북동선지점/성북,p943A,148963,[강북요기요]교차)성북존 픽업지할증,POLYGON,NORMAL,1100,0,2026-05-15,,0,2,2,165565;165703
성북구,165565,요기요OD_성북동선지점/성북,p943A,149061,특별할증(100)_성북존 배송지할증,POLYGON,NORMAL,0,1000,2026-05-21,,1,2,2,165565;165703
성북구,165565,요기요OD_성북동선지점/성북,p943A,149063,특별할증(100)_성북존 픽업지할증,POLYGON,NORMAL,0,1000,2026-05-21,,1,2,2,165565;165703
성북구,165565,요기요OD_성북동선지점/성북,p943A,151703,특별 기상 프로모션(500),WEEKLY_HOURS,YOGIYO,550,0,2026-07-21,,0,4,16,165565;165703;196907;196908
성북구,165565,요기요OD_성북동선지점/성북,p943A,151706,요기요OD 주류배송 할증,LIQUOR,YOGIYO,550,0,2026-07-21,,0,4,6,165565;165703;196907;196908
성북구,165565,요기요OD_성북동선지점/성북,p943A,151725,[성북요] 종암→ 500원,POLYGON,YOGIYO,275,0,2026-07-21,,0,2,2,165565;165703
성북구,165565,요기요OD_성북동선지점/성북,p943A,151727,[강북요기요]교차)성북존 배송지할증,POLYGON,YOGIYO,1100,0,2026-07-21,,0,2,2,165565;165703
성북구,165703,요기요OD_단건_성북동선지점/성북,p943A,83079,요기요 기상할증(원가500),WEATHER,YOGIYO,275,500,2024-05-26,,0,4,958,165565;165703;196907;196908
성북구,165703,요기요OD_단건_성북동선지점/성북,p943A,98205,[삭제 예정] [천안불당6] 장재리 1000원,POLYGON,NORMAL,1100,1000,2034-10-02,,0,130,29632,23963;24111;24112;24206;24399;30129;30134;32622;32623;33132;34727;35690;36658;37420;38767;38884;38887;41562;42272;42275;48790;51209;51418;53494;53499;53500;53569;53570;53573;53575;53665;54132;54136;54384;56033;56423;56455;59080;60739;60744;60745;60746;61115;61137;61141;64859;65076;65147;65802;65839;65841;66066;66262;67216;67218;75515;76910;83936;87752;87761;90993;95457;95461;95753;97054;97404;99998;117550;118739;118976;118978;126086;126087;126090;126232;126809;129620;136884;136890;138769;142087;148221;148362;151230;152747;154862;158869;158870;158972;160540;160712;161138;165280;165281;165565;165703;166321;167041;173387;177147;177743;180586;181733;181735;181736;181737;181739;181741;181742;181743;181744;181745;181747;185532;186220;191428;191848;193683;193684;193685;193877;193878;193879;194980;196190;196198;196907;196908;198466;203726
성북구,165703,요기요OD_단건_성북동선지점/성북,p943A,103078,[성북요] →종암 500원,POLYGON,YOGIYO,275,500,2024-11-01,,0,2,4,165565;165703
성북구,165703,요기요OD_단건_성북동선지점/성북,p943A,117600,요기요 주류배송 할증(100),LIQUOR,NORMAL,0,500,2025-03-11,,1,4,952,165565;165703;196907;196908
성북구,165703,요기요OD_단건_성북동선지점/성북,p943A,131032,요기요 단건(수도권),UNCONDITIONAL,NORMAL,0,500,2025-05-12,,1,2,198,165703;196908
성북구,165703,요기요OD_단건_성북동선지점/성북,p943A,134186,"[성북요] 동묘→ 1,000원",POLYGON,YOGIYO,550,1000,2025-07-18,,0,2,4,165565;165703
성북구,165703,요기요OD_단건_성북동선지점/성북,p943A,134187,[성북요] 창신→ 500원,POLYGON,YOGIYO,275,500,2025-07-18,,0,2,4,165565;165703
성북구,165703,요기요OD_단건_성북동선지점/성북,p943A,134188,[성북요] 용신→ 500원,POLYGON,YOGIYO,275,500,2025-07-18,,0,2,4,165565;165703
성북구,165703,요기요OD_단건_성북동선지점/성북,p943A,134189,"[성북요] →동묘 1,000원",POLYGON,YOGIYO,550,1000,2025-07-18,,0,2,4,165565;165703
성북구,165703,요기요OD_단건_성북동선지점/성북,p943A,134190,[성북요] →동묘 500원,POLYGON,YOGIYO,275,500,2025-07-18,,0,2,4,165565;165703
성북구,165703,요기요OD_단건_성북동선지점/성북,p943A,134191,[성북요] →창신 500원,POLYGON,YOGIYO,275,500,2025-07-18,,0,2,4,165565;165703
성북구,165703,요기요OD_단건_성북동선지점/성북,p943A,134192,[성북요] →용신 500원,POLYGON,YOGIYO,275,500,2025-07-18,,0,2,4,165565;165703
성북구,165703,요기요OD_단건_성북동선지점/성북,p943A,137769,[성북요] →정릉 500원,POLYGON,YOGIYO,275,500,2025-09-23,,0,2,4,165565;165703
성북구,165703,요기요OD_단건_성북동선지점/성북,p943A,137770,[성북요] 정릉→ 500원,POLYGON,YOGIYO,275,500,2025-09-23,,0,2,4,165565;165703
성북구,165703,요기요OD_단건_성북동선지점/성북,p943A,137771,[성북요] 성북→ 500원,POLYGON,YOGIYO,275,500,2025-09-01,,0,2,4,165565;165703
성북구,165703,요기요OD_단건_성북동선지점/성북,p943A,137772,[성북요] →성북 500원,POLYGON,YOGIYO,275,500,2025-09-01,,0,2,4,165565;165703
성북구,165703,요기요OD_단건_성북동선지점/성북,p943A,137773,[성북요] 동묘시장→ 1000원,POLYGON,YOGIYO,550,1000,2025-09-23,,0,2,4,165565;165703
성북구,165703,요기요OD_단건_성북동선지점/성북,p943A,137777,[성북요] →동묘시장 1000원,POLYGON,YOGIYO,550,1000,2025-09-01,,0,2,4,165565;165703
성북구,165703,요기요OD_단건_성북동선지점/성북,p943A,146471,특정 이마트 할증(100),REGIONS,NORMAL,0,2000,2026-03-11,,1,2,4,165565;165703
성북구,165703,요기요OD_단건_성북동선지점/성북,p943A,148963,[강북요기요]교차)성북존 픽업지할증,POLYGON,NORMAL,1100,0,2026-05-15,,0,2,2,165565;165703
성북구,165703,요기요OD_단건_성북동선지점/성북,p943A,149061,특별할증(100)_성북존 배송지할증,POLYGON,NORMAL,0,1000,2026-05-21,,1,2,2,165565;165703
성북구,165703,요기요OD_단건_성북동선지점/성북,p943A,149063,특별할증(100)_성북존 픽업지할증,POLYGON,NORMAL,0,1000,2026-05-21,,1,2,2,165565;165703
성북구,165703,요기요OD_단건_성북동선지점/성북,p943A,151703,특별 기상 프로모션(500),WEEKLY_HOURS,YOGIYO,550,0,2026-07-21,,0,4,16,165565;165703;196907;196908
성북구,165703,요기요OD_단건_성북동선지점/성북,p943A,151706,요기요OD 주류배송 할증,LIQUOR,YOGIYO,550,0,2026-07-21,,0,4,6,165565;165703;196907;196908
성북구,165703,요기요OD_단건_성북동선지점/성북,p943A,151725,[성북요] 종암→ 500원,POLYGON,YOGIYO,275,0,2026-07-21,,0,2,2,165565;165703
성북구,165703,요기요OD_단건_성북동선지점/성북,p943A,151727,[강북요기요]교차)성북존 배송지할증,POLYGON,YOGIYO,1100,0,2026-07-21,,0,2,2,165565;165703
성동구,166321,CU 왕십리큐브스테이트점,p626A,98205,[삭제 예정] [천안불당6] 장재리 1000원,POLYGON,NORMAL,1100,1000,2034-10-02,,0,130,29632,23963;24111;24112;24206;24399;30129;30134;32622;32623;33132;34727;35690;36658;37420;38767;38884;38887;41562;42272;42275;48790;51209;51418;53494;53499;53500;53569;53570;53573;53575;53665;54132;54136;54384;56033;56423;56455;59080;60739;60744;60745;60746;61115;61137;61141;64859;65076;65147;65802;65839;65841;66066;66262;67216;67218;75515;76910;83936;87752;87761;90993;95457;95461;95753;97054;97404;99998;117550;118739;118976;118978;126086;126087;126090;126232;126809;129620;136884;136890;138769;142087;148221;148362;151230;152747;154862;158869;158870;158972;160540;160712;161138;165280;165281;165565;165703;166321;167041;173387;177147;177743;180586;181733;181735;181736;181737;181739;181741;181742;181743;181744;181745;181747;185532;186220;191428;191848;193683;193684;193685;193877;193878;193879;194980;196190;196198;196907;196908;198466;203726
성동구,166321,CU 왕십리큐브스테이트점,p626A,135913,CU 기상할증,WEATHER,NORMAL,550,500,2025-10-01,,0,40,4520,36658;37420;38884;38887;41562;51209;51418;53494;53499;53500;53569;53570;53573;53575;53665;67216;67218;76910;126086;126087;126090;126232;126809;138769;142087;158972;160540;165280;165281;166321;167041;173387;186220;198466;203726;212987;228336;228523;231733;231761
성동구,166321,CU 왕십리큐브스테이트점,p626A,151452,"미배차대응_7/13~_1,500",UNCONDITIONAL,NORMAL,0,1500,2026-07-13,2026-07-22,1,88,95,24206;24399;30129;30134;32622;32623;33132;34727;35690;36658;37420;38884;38887;41562;42275;51209;51418;53569;53665;54132;54136;54384;56033;56423;60739;60744;60745;60746;64859;65802;65839;66066;67216;67218;75515;76910;83936;97404;99998;118739;118976;118978;126086;126087;126090;126232;126809;129620;138769;142087;148221;151230;152747;158869;158870;160540;161138;166321;177147;177743;180586;181733;181735;181736;181737;181739;181741;185532;186220;191428;194980;196190;196198;203726;210158;212987;216683;228336;228523;231733;233915;236669;238259;243551;248795;249299;255575;262643
성동구,166321,CU 왕십리큐브스테이트점,p626A,151701,CU편의점 야간할증,WEEKLY_HOURS,NORMAL,550,0,2026-07-21,,0,39,100,36658;37420;38884;38887;41562;51209;51418;53494;53499;53500;53569;53570;53573;53575;53665;67216;67218;76910;126086;126087;126090;126232;126809;138769;158972;160540;165280;165281;166321;167041;173387;186220;198466;203726;212987;228336;228523;231733;231761
성북구,167041,CU 성북한신점,p943A,98205,[삭제 예정] [천안불당6] 장재리 1000원,POLYGON,NORMAL,1100,1000,2034-10-02,,0,130,29632,23963;24111;24112;24206;24399;30129;30134;32622;32623;33132;34727;35690;36658;37420;38767;38884;38887;41562;42272;42275;48790;51209;51418;53494;53499;53500;53569;53570;53573;53575;53665;54132;54136;54384;56033;56423;56455;59080;60739;60744;60745;60746;61115;61137;61141;64859;65076;65147;65802;65839;65841;66066;66262;67216;67218;75515;76910;83936;87752;87761;90993;95457;95461;95753;97054;97404;99998;117550;118739;118976;118978;126086;126087;126090;126232;126809;129620;136884;136890;138769;142087;148221;148362;151230;152747;154862;158869;158870;158972;160540;160712;161138;165280;165281;165565;165703;166321;167041;173387;177147;177743;180586;181733;181735;181736;181737;181739;181741;181742;181743;181744;181745;181747;185532;186220;191428;191848;193683;193684;193685;193877;193878;193879;194980;196190;196198;196907;196908;198466;203726
성북구,167041,CU 성북한신점,p943A,135913,CU 기상할증,WEATHER,NORMAL,550,500,2025-10-01,,0,40,4520,36658;37420;38884;38887;41562;51209;51418;53494;53499;53500;53569;53570;53573;53575;53665;67216;67218;76910;126086;126087;126090;126232;126809;138769;142087;158972;160540;165280;165281;166321;167041;173387;186220;198466;203726;212987;228336;228523;231733;231761
성북구,167041,CU 성북한신점,p943A,151701,CU편의점 야간할증,WEEKLY_HOURS,NORMAL,550,0,2026-07-21,,0,39,100,36658;37420;38884;38887;41562;51209;51418;53494;53499;53500;53569;53570;53573;53575;53665;67216;67218;76910;126086;126087;126090;126232;126809;138769;158972;160540;165280;165281;166321;167041;173387;186220;198466;203726;212987;228336;228523;231733;231761
성북구,173387,CU 성북리치점,p943A,98205,[삭제 예정] [천안불당6] 장재리 1000원,POLYGON,NORMAL,1100,1000,2034-10-02,,0,130,29632,23963;24111;24112;24206;24399;30129;30134;32622;32623;33132;34727;35690;36658;37420;38767;38884;38887;41562;42272;42275;48790;51209;51418;53494;53499;53500;53569;53570;53573;53575;53665;54132;54136;54384;56033;56423;56455;59080;60739;60744;60745;60746;61115;61137;61141;64859;65076;65147;65802;65839;65841;66066;66262;67216;67218;75515;76910;83936;87752;87761;90993;95457;95461;95753;97054;97404;99998;117550;118739;118976;118978;126086;126087;126090;126232;126809;129620;136884;136890;138769;142087;148221;148362;151230;152747;154862;158869;158870;158972;160540;160712;161138;165280;165281;165565;165703;166321;167041;173387;177147;177743;180586;181733;181735;181736;181737;181739;181741;181742;181743;181744;181745;181747;185532;186220;191428;191848;193683;193684;193685;193877;193878;193879;194980;196190;196198;196907;196908;198466;203726
성북구,173387,CU 성북리치점,p943A,135913,CU 기상할증,WEATHER,NORMAL,550,500,2025-10-01,,0,40,4520,36658;37420;38884;38887;41562;51209;51418;53494;53499;53500;53569;53570;53573;53575;53665;67216;67218;76910;126086;126087;126090;126232;126809;138769;142087;158972;160540;165280;165281;166321;167041;173387;186220;198466;203726;212987;228336;228523;231733;231761
성북구,173387,CU 성북리치점,p943A,151701,CU편의점 야간할증,WEEKLY_HOURS,NORMAL,550,0,2026-07-21,,0,39,100,36658;37420;38884;38887;41562;51209;51418;53494;53499;53500;53569;53570;53573;53575;53665;67216;67218;76910;126086;126087;126090;126232;126809;138769;158972;160540;165280;165281;166321;167041;173387;186220;198466;203726;212987;228336;228523;231733;231761
성동구,177147,GS더프레시 성동텐즈힐점,p626A,36773,GS더프레시 기상할증,WEATHER,NORMAL,550,500,2022-05-12,,0,1,365,177147
성동구,177147,GS더프레시 성동텐즈힐점,p626A,98205,[삭제 예정] [천안불당6] 장재리 1000원,POLYGON,NORMAL,1100,1000,2034-10-02,,0,130,29632,23963;24111;24112;24206;24399;30129;30134;32622;32623;33132;34727;35690;36658;37420;38767;38884;38887;41562;42272;42275;48790;51209;51418;53494;53499;53500;53569;53570;53573;53575;53665;54132;54136;54384;56033;56423;56455;59080;60739;60744;60745;60746;61115;61137;61141;64859;65076;65147;65802;65839;65841;66066;66262;67216;67218;75515;76910;83936;87752;87761;90993;95457;95461;95753;97054;97404;99998;117550;118739;118976;118978;126086;126087;126090;126232;126809;129620;136884;136890;138769;142087;148221;148362;151230;152747;154862;158869;158870;158972;160540;160712;161138;165280;165281;165565;165703;166321;167041;173387;177147;177743;180586;181733;181735;181736;181737;181739;181741;181742;181743;181744;181745;181747;185532;186220;191428;191848;193683;193684;193685;193877;193878;193879;194980;196190;196198;196907;196908;198466;203726
성동구,177147,GS더프레시 성동텐즈힐점,p626A,151452,"미배차대응_7/13~_1,500",UNCONDITIONAL,NORMAL,0,1500,2026-07-13,2026-07-22,1,88,95,24206;24399;30129;30134;32622;32623;33132;34727;35690;36658;37420;38884;38887;41562;42275;51209;51418;53569;53665;54132;54136;54384;56033;56423;60739;60744;60745;60746;64859;65802;65839;66066;67216;67218;75515;76910;83936;97404;99998;118739;118976;118978;126086;126087;126090;126232;126809;129620;138769;142087;148221;151230;152747;158869;158870;160540;161138;166321;177147;177743;180586;181733;181735;181736;181737;181739;181741;185532;186220;191428;194980;196190;196198;203726;210158;212987;216683;228336;228523;231733;233915;236669;238259;243551;248795;249299;255575;262643
성동구,177147,GS더프레시 성동텐즈힐점,p626A,151752,프라임 픽업할증_770원,UNCONDITIONAL,NORMAL,770,0,2026-07-21,,0,1,1,177147
성동구,177743,스타벅스 신금호역,p626A,7743,프라임 기상할증,WEATHER,NORMAL,550,500,2019-07-21,,0,7,1692,54384;95753;160712;177743;185532;248795;262643
성동구,177743,스타벅스 신금호역,p626A,70389,오전할증 (10~11시) 550원,WEEKLY_HOURS,NORMAL,550,0,2024-01-10,,0,2,2,177743;185532
성동구,177743,스타벅스 신금호역,p626A,98205,[삭제 예정] [천안불당6] 장재리 1000원,POLYGON,NORMAL,1100,1000,2034-10-02,,0,130,29632,23963;24111;24112;24206;24399;30129;30134;32622;32623;33132;34727;35690;36658;37420;38767;38884;38887;41562;42272;42275;48790;51209;51418;53494;53499;53500;53569;53570;53573;53575;53665;54132;54136;54384;56033;56423;56455;59080;60739;60744;60745;60746;61115;61137;61141;64859;65076;65147;65802;65839;65841;66066;66262;67216;67218;75515;76910;83936;87752;87761;90993;95457;95461;95753;97054;97404;99998;117550;118739;118976;118978;126086;126087;126090;126232;126809;129620;136884;136890;138769;142087;148221;148362;151230;152747;154862;158869;158870;158972;160540;160712;161138;165280;165281;165565;165703;166321;167041;173387;177147;177743;180586;181733;181735;181736;181737;181739;181741;181742;181743;181744;181745;181747;185532;186220;191428;191848;193683;193684;193685;193877;193878;193879;194980;196190;196198;196907;196908;198466;203726
성동구,177743,스타벅스 신금호역,p626A,129531,스타벅스 아침배송 기본할증,WEEKLY_HOURS,NORMAL,0,1000,2025-04-17,,1,2,266,177743;185532
성동구,177743,스타벅스 신금호역,p626A,136061,스타벅스 아침배송 특별할증_서울,WEEKLY_HOURS,NORMAL,0,500,2025-08-22,,1,2,158,177743;185532
성동구,177743,스타벅스 신금호역,p626A,151452,"미배차대응_7/13~_1,500",UNCONDITIONAL,NORMAL,0,1500,2026-07-13,2026-07-22,1,88,95,24206;24399;30129;30134;32622;32623;33132;34727;35690;36658;37420;38884;38887;41562;42275;51209;51418;53569;53665;54132;54136;54384;56033;56423;60739;60744;60745;60746;64859;65802;65839;66066;67216;67218;75515;76910;83936;97404;99998;118739;118976;118978;126086;126087;126090;126232;126809;129620;138769;142087;148221;151230;152747;158869;158870;160540;161138;166321;177147;177743;180586;181733;181735;181736;181737;181739;181741;185532;186220;191428;194980;196190;196198;203726;210158;212987;216683;228336;228523;231733;233915;236669;238259;243551;248795;249299;255575;262643
성동구,177743,스타벅스 신금호역,p626A,151726,오전할증 (10~11시) 550원,WEEKLY_HOURS,NORMAL,550,0,2026-07-21,,0,2,2,177743;185532
성동구,180586,이마트에브리데이 행당점,p626A,10399,프라임 기상할증 550원,WEATHER,NORMAL,550,500,2020-01-28,,0,11,1473,35690;42272;97054;136884;136890;148362;180586;210158;243551;249299;255575
성동구,180586,이마트에브리데이 행당점,p626A,98205,[삭제 예정] [천안불당6] 장재리 1000원,POLYGON,NORMAL,1100,1000,2034-10-02,,0,130,29632,23963;24111;24112;24206;24399;30129;30134;32622;32623;33132;34727;35690;36658;37420;38767;38884;38887;41562;42272;42275;48790;51209;51418;53494;53499;53500;53569;53570;53573;53575;53665;54132;54136;54384;56033;56423;56455;59080;60739;60744;60745;60746;61115;61137;61141;64859;65076;65147;65802;65839;65841;66066;66262;67216;67218;75515;76910;83936;87752;87761;90993;95457;95461;95753;97054;97404;99998;117550;118739;118976;118978;126086;126087;126090;126232;126809;129620;136884;136890;138769;142087;148221;148362;151230;152747;154862;158869;158870;158972;160540;160712;161138;165280;165281;165565;165703;166321;167041;173387;177147;177743;180586;181733;181735;181736;181737;181739;181741;181742;181743;181744;181745;181747;185532;186220;191428;191848;193683;193684;193685;193877;193878;193879;194980;196190;196198;196907;196908;198466;203726
성동구,180586,이마트에브리데이 행당점,p626A,151452,"미배차대응_7/13~_1,500",UNCONDITIONAL,NORMAL,0,1500,2026-07-13,2026-07-22,1,88,95,24206;24399;30129;30134;32622;32623;33132;34727;35690;36658;37420;38884;38887;41562;42275;51209;51418;53569;53665;54132;54136;54384;56033;56423;60739;60744;60745;60746;64859;65802;65839;66066;67216;67218;75515;76910;83936;97404;99998;118739;118976;118978;126086;126087;126090;126232;126809;129620;138769;142087;148221;151230;152747;158869;158870;160540;161138;166321;177147;177743;180586;181733;181735;181736;181737;181739;181741;185532;186220;191428;194980;196190;196198;203726;210158;212987;216683;228336;228523;231733;233915;236669;238259;243551;248795;249299;255575;262643
성동구,181733,(선택)파리바게뜨 왕십리무학점,p626A,98205,[삭제 예정] [천안불당6] 장재리 1000원,POLYGON,NORMAL,1100,1000,2034-10-02,,0,130,29632,23963;24111;24112;24206;24399;30129;30134;32622;32623;33132;34727;35690;36658;37420;38767;38884;38887;41562;42272;42275;48790;51209;51418;53494;53499;53500;53569;53570;53573;53575;53665;54132;54136;54384;56033;56423;56455;59080;60739;60744;60745;60746;61115;61137;61141;64859;65076;65147;65802;65839;65841;66066;66262;67216;67218;75515;76910;83936;87752;87761;90993;95457;95461;95753;97054;97404;99998;117550;118739;118976;118978;126086;126087;126090;126232;126809;129620;136884;136890;138769;142087;148221;148362;151230;152747;154862;158869;158870;158972;160540;160712;161138;165280;165281;165565;165703;166321;167041;173387;177147;177743;180586;181733;181735;181736;181737;181739;181741;181742;181743;181744;181745;181747;185532;186220;191428;191848;193683;193684;193685;193877;193878;193879;194980;196190;196198;196907;196908;198466;203726
성동구,181733,(선택)파리바게뜨 왕십리무학점,p626A,151452,"미배차대응_7/13~_1,500",UNCONDITIONAL,NORMAL,0,1500,2026-07-13,2026-07-22,1,88,95,24206;24399;30129;30134;32622;32623;33132;34727;35690;36658;37420;38884;38887;41562;42275;51209;51418;53569;53665;54132;54136;54384;56033;56423;60739;60744;60745;60746;64859;65802;65839;66066;67216;67218;75515;76910;83936;97404;99998;118739;118976;118978;126086;126087;126090;126232;126809;129620;138769;142087;148221;151230;152747;158869;158870;160540;161138;166321;177147;177743;180586;181733;181735;181736;181737;181739;181741;185532;186220;191428;194980;196190;196198;203726;210158;212987;216683;228336;228523;231733;233915;236669;238259;243551;248795;249299;255575;262643
성동구,181735,(선택)파리바게뜨 신금호역점,p626A,98205,[삭제 예정] [천안불당6] 장재리 1000원,POLYGON,NORMAL,1100,1000,2034-10-02,,0,130,29632,23963;24111;24112;24206;24399;30129;30134;32622;32623;33132;34727;35690;36658;37420;38767;38884;38887;41562;42272;42275;48790;51209;51418;53494;53499;53500;53569;53570;53573;53575;53665;54132;54136;54384;56033;56423;56455;59080;60739;60744;60745;60746;61115;61137;61141;64859;65076;65147;65802;65839;65841;66066;66262;67216;67218;75515;76910;83936;87752;87761;90993;95457;95461;95753;97054;97404;99998;117550;118739;118976;118978;126086;126087;126090;126232;126809;129620;136884;136890;138769;142087;148221;148362;151230;152747;154862;158869;158870;158972;160540;160712;161138;165280;165281;165565;165703;166321;167041;173387;177147;177743;180586;181733;181735;181736;181737;181739;181741;181742;181743;181744;181745;181747;185532;186220;191428;191848;193683;193684;193685;193877;193878;193879;194980;196190;196198;196907;196908;198466;203726
성동구,181735,(선택)파리바게뜨 신금호역점,p626A,151452,"미배차대응_7/13~_1,500",UNCONDITIONAL,NORMAL,0,1500,2026-07-13,2026-07-22,1,88,95,24206;24399;30129;30134;32622;32623;33132;34727;35690;36658;37420;38884;38887;41562;42275;51209;51418;53569;53665;54132;54136;54384;56033;56423;60739;60744;60745;60746;64859;65802;65839;66066;67216;67218;75515;76910;83936;97404;99998;118739;118976;118978;126086;126087;126090;126232;126809;129620;138769;142087;148221;151230;152747;158869;158870;160540;161138;166321;177147;177743;180586;181733;181735;181736;181737;181739;181741;185532;186220;191428;194980;196190;196198;203726;210158;212987;216683;228336;228523;231733;233915;236669;238259;243551;248795;249299;255575;262643
성동구,181736,(선택)던킨도너츠 왕십리민자역사점,p626A,87560,SPC선택배송 할증(상시),UNCONDITIONAL,NORMAL,0,300,2025-03-21,,1,9,420,181736;181737;181739;181741;181742;181743;181744;181745;181747
성동구,181736,(선택)던킨도너츠 왕십리민자역사점,p626A,98205,[삭제 예정] [천안불당6] 장재리 1000원,POLYGON,NORMAL,1100,1000,2034-10-02,,0,130,29632,23963;24111;24112;24206;24399;30129;30134;32622;32623;33132;34727;35690;36658;37420;38767;38884;38887;41562;42272;42275;48790;51209;51418;53494;53499;53500;53569;53570;53573;53575;53665;54132;54136;54384;56033;56423;56455;59080;60739;60744;60745;60746;61115;61137;61141;64859;65076;65147;65802;65839;65841;66066;66262;67216;67218;75515;76910;83936;87752;87761;90993;95457;95461;95753;97054;97404;99998;117550;118739;118976;118978;126086;126087;126090;126232;126809;129620;136884;136890;138769;142087;148221;148362;151230;152747;154862;158869;158870;158972;160540;160712;161138;165280;165281;165565;165703;166321;167041;173387;177147;177743;180586;181733;181735;181736;181737;181739;181741;181742;181743;181744;181745;181747;185532;186220;191428;191848;193683;193684;193685;193877;193878;193879;194980;196190;196198;196907;196908;198466;203726
성동구,181736,(선택)던킨도너츠 왕십리민자역사점,p626A,151452,"미배차대응_7/13~_1,500",UNCONDITIONAL,NORMAL,0,1500,2026-07-13,2026-07-22,1,88,95,24206;24399;30129;30134;32622;32623;33132;34727;35690;36658;37420;38884;38887;41562;42275;51209;51418;53569;53665;54132;54136;54384;56033;56423;60739;60744;60745;60746;64859;65802;65839;66066;67216;67218;75515;76910;83936;97404;99998;118739;118976;118978;126086;126087;126090;126232;126809;129620;138769;142087;148221;151230;152747;158869;158870;160540;161138;166321;177147;177743;180586;181733;181735;181736;181737;181739;181741;185532;186220;191428;194980;196190;196198;203726;210158;212987;216683;228336;228523;231733;233915;236669;238259;243551;248795;249299;255575;262643
성동구,181737,(선택)배스킨라빈스 한양대점,p626A,87560,SPC선택배송 할증(상시),UNCONDITIONAL,NORMAL,0,300,2025-03-21,,1,9,420,181736;181737;181739;181741;181742;181743;181744;181745;181747
성동구,181737,(선택)배스킨라빈스 한양대점,p626A,98205,[삭제 예정] [천안불당6] 장재리 1000원,POLYGON,NORMAL,1100,1000,2034-10-02,,0,130,29632,23963;24111;24112;24206;24399;30129;30134;32622;32623;33132;34727;35690;36658;37420;38767;38884;38887;41562;42272;42275;48790;51209;51418;53494;53499;53500;53569;53570;53573;53575;53665;54132;54136;54384;56033;56423;56455;59080;60739;60744;60745;60746;61115;61137;61141;64859;65076;65147;65802;65839;65841;66066;66262;67216;67218;75515;76910;83936;87752;87761;90993;95457;95461;95753;97054;97404;99998;117550;118739;118976;118978;126086;126087;126090;126232;126809;129620;136884;136890;138769;142087;148221;148362;151230;152747;154862;158869;158870;158972;160540;160712;161138;165280;165281;165565;165703;166321;167041;173387;177147;177743;180586;181733;181735;181736;181737;181739;181741;181742;181743;181744;181745;181747;185532;186220;191428;191848;193683;193684;193685;193877;193878;193879;194980;196190;196198;196907;196908;198466;203726
성동구,181737,(선택)배스킨라빈스 한양대점,p626A,151452,"미배차대응_7/13~_1,500",UNCONDITIONAL,NORMAL,0,1500,2026-07-13,2026-07-22,1,88,95,24206;24399;30129;30134;32622;32623;33132;34727;35690;36658;37420;38884;38887;41562;42275;51209;51418;53569;53665;54132;54136;54384;56033;56423;60739;60744;60745;60746;64859;65802;65839;66066;67216;67218;75515;76910;83936;97404;99998;118739;118976;118978;126086;126087;126090;126232;126809;129620;138769;142087;148221;151230;152747;158869;158870;160540;161138;166321;177147;177743;180586;181733;181735;181736;181737;181739;181741;185532;186220;191428;194980;196190;196198;203726;210158;212987;216683;228336;228523;231733;233915;236669;238259;243551;248795;249299;255575;262643
성동구,181739,(선택)배스킨라빈스 행당점,p626A,87560,SPC선택배송 할증(상시),UNCONDITIONAL,NORMAL,0,300,2025-03-21,,1,9,420,181736;181737;181739;181741;181742;181743;181744;181745;181747
성동구,181739,(선택)배스킨라빈스 행당점,p626A,98205,[삭제 예정] [천안불당6] 장재리 1000원,POLYGON,NORMAL,1100,1000,2034-10-02,,0,130,29632,23963;24111;24112;24206;24399;30129;30134;32622;32623;33132;34727;35690;36658;37420;38767;38884;38887;41562;42272;42275;48790;51209;51418;53494;53499;53500;53569;53570;53573;53575;53665;54132;54136;54384;56033;56423;56455;59080;60739;60744;60745;60746;61115;61137;61141;64859;65076;65147;65802;65839;65841;66066;66262;67216;67218;75515;76910;83936;87752;87761;90993;95457;95461;95753;97054;97404;99998;117550;118739;118976;118978;126086;126087;126090;126232;126809;129620;136884;136890;138769;142087;148221;148362;151230;152747;154862;158869;158870;158972;160540;160712;161138;165280;165281;165565;165703;166321;167041;173387;177147;177743;180586;181733;181735;181736;181737;181739;181741;181742;181743;181744;181745;181747;185532;186220;191428;191848;193683;193684;193685;193877;193878;193879;194980;196190;196198;196907;196908;198466;203726
성동구,181739,(선택)배스킨라빈스 행당점,p626A,151452,"미배차대응_7/13~_1,500",UNCONDITIONAL,NORMAL,0,1500,2026-07-13,2026-07-22,1,88,95,24206;24399;30129;30134;32622;32623;33132;34727;35690;36658;37420;38884;38887;41562;42275;51209;51418;53569;53665;54132;54136;54384;56033;56423;60739;60744;60745;60746;64859;65802;65839;66066;67216;67218;75515;76910;83936;97404;99998;118739;118976;118978;126086;126087;126090;126232;126809;129620;138769;142087;148221;151230;152747;158869;158870;160540;161138;166321;177147;177743;180586;181733;181735;181736;181737;181739;181741;185532;186220;191428;194980;196190;196198;203726;210158;212987;216683;228336;228523;231733;233915;236669;238259;243551;248795;249299;255575;262643
성동구,181741,(선택)배스킨라빈스 성동금호점,p626A,87560,SPC선택배송 할증(상시),UNCONDITIONAL,NORMAL,0,300,2025-03-21,,1,9,420,181736;181737;181739;181741;181742;181743;181744;181745;181747
성동구,181741,(선택)배스킨라빈스 성동금호점,p626A,98205,[삭제 예정] [천안불당6] 장재리 1000원,POLYGON,NORMAL,1100,1000,2034-10-02,,0,130,29632,23963;24111;24112;24206;24399;30129;30134;32622;32623;33132;34727;35690;36658;37420;38767;38884;38887;41562;42272;42275;48790;51209;51418;53494;53499;53500;53569;53570;53573;53575;53665;54132;54136;54384;56033;56423;56455;59080;60739;60744;60745;60746;61115;61137;61141;64859;65076;65147;65802;65839;65841;66066;66262;67216;67218;75515;76910;83936;87752;87761;90993;95457;95461;95753;97054;97404;99998;117550;118739;118976;118978;126086;126087;126090;126232;126809;129620;136884;136890;138769;142087;148221;148362;151230;152747;154862;158869;158870;158972;160540;160712;161138;165280;165281;165565;165703;166321;167041;173387;177147;177743;180586;181733;181735;181736;181737;181739;181741;181742;181743;181744;181745;181747;185532;186220;191428;191848;193683;193684;193685;193877;193878;193879;194980;196190;196198;196907;196908;198466;203726
성동구,181741,(선택)배스킨라빈스 성동금호점,p626A,151452,"미배차대응_7/13~_1,500",UNCONDITIONAL,NORMAL,0,1500,2026-07-13,2026-07-22,1,88,95,24206;24399;30129;30134;32622;32623;33132;34727;35690;36658;37420;38884;38887;41562;42275;51209;51418;53569;53665;54132;54136;54384;56033;56423;60739;60744;60745;60746;64859;65802;65839;66066;67216;67218;75515;76910;83936;97404;99998;118739;118976;118978;126086;126087;126090;126232;126809;129620;138769;142087;148221;151230;152747;158869;158870;160540;161138;166321;177147;177743;180586;181733;181735;181736;181737;181739;181741;185532;186220;191428;194980;196190;196198;203726;210158;212987;216683;228336;228523;231733;233915;236669;238259;243551;248795;249299;255575;262643
성북구,181742,(선택)배스킨라빈스 성북아리랑점,p943A,87560,SPC선택배송 할증(상시),UNCONDITIONAL,NORMAL,0,300,2025-03-21,,1,9,420,181736;181737;181739;181741;181742;181743;181744;181745;181747
성북구,181742,(선택)배스킨라빈스 성북아리랑점,p943A,98205,[삭제 예정] [천안불당6] 장재리 1000원,POLYGON,NORMAL,1100,1000,2034-10-02,,0,130,29632,23963;24111;24112;24206;24399;30129;30134;32622;32623;33132;34727;35690;36658;37420;38767;38884;38887;41562;42272;42275;48790;51209;51418;53494;53499;53500;53569;53570;53573;53575;53665;54132;54136;54384;56033;56423;56455;59080;60739;60744;60745;60746;61115;61137;61141;64859;65076;65147;65802;65839;65841;66066;66262;67216;67218;75515;76910;83936;87752;87761;90993;95457;95461;95753;97054;97404;99998;117550;118739;118976;118978;126086;126087;126090;126232;126809;129620;136884;136890;138769;142087;148221;148362;151230;152747;154862;158869;158870;158972;160540;160712;161138;165280;165281;165565;165703;166321;167041;173387;177147;177743;180586;181733;181735;181736;181737;181739;181741;181742;181743;181744;181745;181747;185532;186220;191428;191848;193683;193684;193685;193877;193878;193879;194980;196190;196198;196907;196908;198466;203726
성북구,181743,(선택)배스킨라빈스 보문역점,p943A,87560,SPC선택배송 할증(상시),UNCONDITIONAL,NORMAL,0,300,2025-03-21,,1,9,420,181736;181737;181739;181741;181742;181743;181744;181745;181747
성북구,181743,(선택)배스킨라빈스 보문역점,p943A,98205,[삭제 예정] [천안불당6] 장재리 1000원,POLYGON,NORMAL,1100,1000,2034-10-02,,0,130,29632,23963;24111;24112;24206;24399;30129;30134;32622;32623;33132;34727;35690;36658;37420;38767;38884;38887;41562;42272;42275;48790;51209;51418;53494;53499;53500;53569;53570;53573;53575;53665;54132;54136;54384;56033;56423;56455;59080;60739;60744;60745;60746;61115;61137;61141;64859;65076;65147;65802;65839;65841;66066;66262;67216;67218;75515;76910;83936;87752;87761;90993;95457;95461;95753;97054;97404;99998;117550;118739;118976;118978;126086;126087;126090;126232;126809;129620;136884;136890;138769;142087;148221;148362;151230;152747;154862;158869;158870;158972;160540;160712;161138;165280;165281;165565;165703;166321;167041;173387;177147;177743;180586;181733;181735;181736;181737;181739;181741;181742;181743;181744;181745;181747;185532;186220;191428;191848;193683;193684;193685;193877;193878;193879;194980;196190;196198;196907;196908;198466;203726
성북구,181744,(선택)배스킨라빈스 한성대입구역점,p943A,87560,SPC선택배송 할증(상시),UNCONDITIONAL,NORMAL,0,300,2025-03-21,,1,9,420,181736;181737;181739;181741;181742;181743;181744;181745;181747
성북구,181744,(선택)배스킨라빈스 한성대입구역점,p943A,98205,[삭제 예정] [천안불당6] 장재리 1000원,POLYGON,NORMAL,1100,1000,2034-10-02,,0,130,29632,23963;24111;24112;24206;24399;30129;30134;32622;32623;33132;34727;35690;36658;37420;38767;38884;38887;41562;42272;42275;48790;51209;51418;53494;53499;53500;53569;53570;53573;53575;53665;54132;54136;54384;56033;56423;56455;59080;60739;60744;60745;60746;61115;61137;61141;64859;65076;65147;65802;65839;65841;66066;66262;67216;67218;75515;76910;83936;87752;87761;90993;95457;95461;95753;97054;97404;99998;117550;118739;118976;118978;126086;126087;126090;126232;126809;129620;136884;136890;138769;142087;148221;148362;151230;152747;154862;158869;158870;158972;160540;160712;161138;165280;165281;165565;165703;166321;167041;173387;177147;177743;180586;181733;181735;181736;181737;181739;181741;181742;181743;181744;181745;181747;185532;186220;191428;191848;193683;193684;193685;193877;193878;193879;194980;196190;196198;196907;196908;198466;203726
성북구,181745,(선택)배스킨라빈스 성신여대점,p943A,87560,SPC선택배송 할증(상시),UNCONDITIONAL,NORMAL,0,300,2025-03-21,,1,9,420,181736;181737;181739;181741;181742;181743;181744;181745;181747
성북구,181745,(선택)배스킨라빈스 성신여대점,p943A,98205,[삭제 예정] [천안불당6] 장재리 1000원,POLYGON,NORMAL,1100,1000,2034-10-02,,0,130,29632,23963;24111;24112;24206;24399;30129;30134;32622;32623;33132;34727;35690;36658;37420;38767;38884;38887;41562;42272;42275;48790;51209;51418;53494;53499;53500;53569;53570;53573;53575;53665;54132;54136;54384;56033;56423;56455;59080;60739;60744;60745;60746;61115;61137;61141;64859;65076;65147;65802;65839;65841;66066;66262;67216;67218;75515;76910;83936;87752;87761;90993;95457;95461;95753;97054;97404;99998;117550;118739;118976;118978;126086;126087;126090;126232;126809;129620;136884;136890;138769;142087;148221;148362;151230;152747;154862;158869;158870;158972;160540;160712;161138;165280;165281;165565;165703;166321;167041;173387;177147;177743;180586;181733;181735;181736;181737;181739;181741;181742;181743;181744;181745;181747;185532;186220;191428;191848;193683;193684;193685;193877;193878;193879;194980;196190;196198;196907;196908;198466;203726
성북구,181747,(선택)배스킨라빈스 성북종암점,p943A,87560,SPC선택배송 할증(상시),UNCONDITIONAL,NORMAL,0,300,2025-03-21,,1,9,420,181736;181737;181739;181741;181742;181743;181744;181745;181747
성북구,181747,(선택)배스킨라빈스 성북종암점,p943A,98205,[삭제 예정] [천안불당6] 장재리 1000원,POLYGON,NORMAL,1100,1000,2034-10-02,,0,130,29632,23963;24111;24112;24206;24399;30129;30134;32622;32623;33132;34727;35690;36658;37420;38767;38884;38887;41562;42272;42275;48790;51209;51418;53494;53499;53500;53569;53570;53573;53575;53665;54132;54136;54384;56033;56423;56455;59080;60739;60744;60745;60746;61115;61137;61141;64859;65076;65147;65802;65839;65841;66066;66262;67216;67218;75515;76910;83936;87752;87761;90993;95457;95461;95753;97054;97404;99998;117550;118739;118976;118978;126086;126087;126090;126232;126809;129620;136884;136890;138769;142087;148221;148362;151230;152747;154862;158869;158870;158972;160540;160712;161138;165280;165281;165565;165703;166321;167041;173387;177147;177743;180586;181733;181735;181736;181737;181739;181741;181742;181743;181744;181745;181747;185532;186220;191428;191848;193683;193684;193685;193877;193878;193879;194980;196190;196198;196907;196908;198466;203726
성동구,185532,스타벅스 금호역,p626A,7743,프라임 기상할증,WEATHER,NORMAL,550,500,2019-07-21,,0,7,1692,54384;95753;160712;177743;185532;248795;262643
성동구,185532,스타벅스 금호역,p626A,70389,오전할증 (10~11시) 550원,WEEKLY_HOURS,NORMAL,550,0,2024-01-10,,0,2,2,177743;185532
성동구,185532,스타벅스 금호역,p626A,98205,[삭제 예정] [천안불당6] 장재리 1000원,POLYGON,NORMAL,1100,1000,2034-10-02,,0,130,29632,23963;24111;24112;24206;24399;30129;30134;32622;32623;33132;34727;35690;36658;37420;38767;38884;38887;41562;42272;42275;48790;51209;51418;53494;53499;53500;53569;53570;53573;53575;53665;54132;54136;54384;56033;56423;56455;59080;60739;60744;60745;60746;61115;61137;61141;64859;65076;65147;65802;65839;65841;66066;66262;67216;67218;75515;76910;83936;87752;87761;90993;95457;95461;95753;97054;97404;99998;117550;118739;118976;118978;126086;126087;126090;126232;126809;129620;136884;136890;138769;142087;148221;148362;151230;152747;154862;158869;158870;158972;160540;160712;161138;165280;165281;165565;165703;166321;167041;173387;177147;177743;180586;181733;181735;181736;181737;181739;181741;181742;181743;181744;181745;181747;185532;186220;191428;191848;193683;193684;193685;193877;193878;193879;194980;196190;196198;196907;196908;198466;203726
성동구,185532,스타벅스 금호역,p626A,129531,스타벅스 아침배송 기본할증,WEEKLY_HOURS,NORMAL,0,1000,2025-04-17,,1,2,266,177743;185532
성동구,185532,스타벅스 금호역,p626A,136061,스타벅스 아침배송 특별할증_서울,WEEKLY_HOURS,NORMAL,0,500,2025-08-22,,1,2,158,177743;185532
성동구,185532,스타벅스 금호역,p626A,151452,"미배차대응_7/13~_1,500",UNCONDITIONAL,NORMAL,0,1500,2026-07-13,2026-07-22,1,88,95,24206;24399;30129;30134;32622;32623;33132;34727;35690;36658;37420;38884;38887;41562;42275;51209;51418;53569;53665;54132;54136;54384;56033;56423;60739;60744;60745;60746;64859;65802;65839;66066;67216;67218;75515;76910;83936;97404;99998;118739;118976;118978;126086;126087;126090;126232;126809;129620;138769;142087;148221;151230;152747;158869;158870;160540;161138;166321;177147;177743;180586;181733;181735;181736;181737;181739;181741;185532;186220;191428;194980;196190;196198;203726;210158;212987;216683;228336;228523;231733;233915;236669;238259;243551;248795;249299;255575;262643
성동구,185532,스타벅스 금호역,p626A,151726,오전할증 (10~11시) 550원,WEEKLY_HOURS,NORMAL,550,0,2026-07-21,,0,2,2,177743;185532
성동구,186220,CU 마장센트럴점,p626A,98205,[삭제 예정] [천안불당6] 장재리 1000원,POLYGON,NORMAL,1100,1000,2034-10-02,,0,130,29632,23963;24111;24112;24206;24399;30129;30134;32622;32623;33132;34727;35690;36658;37420;38767;38884;38887;41562;42272;42275;48790;51209;51418;53494;53499;53500;53569;53570;53573;53575;53665;54132;54136;54384;56033;56423;56455;59080;60739;60744;60745;60746;61115;61137;61141;64859;65076;65147;65802;65839;65841;66066;66262;67216;67218;75515;76910;83936;87752;87761;90993;95457;95461;95753;97054;97404;99998;117550;118739;118976;118978;126086;126087;126090;126232;126809;129620;136884;136890;138769;142087;148221;148362;151230;152747;154862;158869;158870;158972;160540;160712;161138;165280;165281;165565;165703;166321;167041;173387;177147;177743;180586;181733;181735;181736;181737;181739;181741;181742;181743;181744;181745;181747;185532;186220;191428;191848;193683;193684;193685;193877;193878;193879;194980;196190;196198;196907;196908;198466;203726
성동구,186220,CU 마장센트럴점,p626A,135913,CU 기상할증,WEATHER,NORMAL,550,500,2025-10-01,,0,40,4520,36658;37420;38884;38887;41562;51209;51418;53494;53499;53500;53569;53570;53573;53575;53665;67216;67218;76910;126086;126087;126090;126232;126809;138769;142087;158972;160540;165280;165281;166321;167041;173387;186220;198466;203726;212987;228336;228523;231733;231761
성동구,186220,CU 마장센트럴점,p626A,151452,"미배차대응_7/13~_1,500",UNCONDITIONAL,NORMAL,0,1500,2026-07-13,2026-07-22,1,88,95,24206;24399;30129;30134;32622;32623;33132;34727;35690;36658;37420;38884;38887;41562;42275;51209;51418;53569;53665;54132;54136;54384;56033;56423;60739;60744;60745;60746;64859;65802;65839;66066;67216;67218;75515;76910;83936;97404;99998;118739;118976;118978;126086;126087;126090;126232;126809;129620;138769;142087;148221;151230;152747;158869;158870;160540;161138;166321;177147;177743;180586;181733;181735;181736;181737;181739;181741;185532;186220;191428;194980;196190;196198;203726;210158;212987;216683;228336;228523;231733;233915;236669;238259;243551;248795;249299;255575;262643
성동구,186220,CU 마장센트럴점,p626A,151701,CU편의점 야간할증,WEEKLY_HOURS,NORMAL,550,0,2026-07-21,,0,39,100,36658;37420;38884;38887;41562;51209;51418;53494;53499;53500;53569;53570;53573;53575;53665;67216;67218;76910;126086;126087;126090;126232;126809;138769;158972;160540;165280;165281;166321;167041;173387;186220;198466;203726;212987;228336;228523;231733;231761
성동구,191428,(선택)파리바게뜨 왕십리역사점,p626A,98205,[삭제 예정] [천안불당6] 장재리 1000원,POLYGON,NORMAL,1100,1000,2034-10-02,,0,130,29632,23963;24111;24112;24206;24399;30129;30134;32622;32623;33132;34727;35690;36658;37420;38767;38884;38887;41562;42272;42275;48790;51209;51418;53494;53499;53500;53569;53570;53573;53575;53665;54132;54136;54384;56033;56423;56455;59080;60739;60744;60745;60746;61115;61137;61141;64859;65076;65147;65802;65839;65841;66066;66262;67216;67218;75515;76910;83936;87752;87761;90993;95457;95461;95753;97054;97404;99998;117550;118739;118976;118978;126086;126087;126090;126232;126809;129620;136884;136890;138769;142087;148221;148362;151230;152747;154862;158869;158870;158972;160540;160712;161138;165280;165281;165565;165703;166321;167041;173387;177147;177743;180586;181733;181735;181736;181737;181739;181741;181742;181743;181744;181745;181747;185532;186220;191428;191848;193683;193684;193685;193877;193878;193879;194980;196190;196198;196907;196908;198466;203726
성동구,191428,(선택)파리바게뜨 왕십리역사점,p626A,151452,"미배차대응_7/13~_1,500",UNCONDITIONAL,NORMAL,0,1500,2026-07-13,2026-07-22,1,88,95,24206;24399;30129;30134;32622;32623;33132;34727;35690;36658;37420;38884;38887;41562;42275;51209;51418;53569;53665;54132;54136;54384;56033;56423;60739;60744;60745;60746;64859;65802;65839;66066;67216;67218;75515;76910;83936;97404;99998;118739;118976;118978;126086;126087;126090;126232;126809;129620;138769;142087;148221;151230;152747;158869;158870;160540;161138;166321;177147;177743;180586;181733;181735;181736;181737;181739;181741;185532;186220;191428;194980;196190;196198;203726;210158;212987;216683;228336;228523;231733;233915;236669;238259;243551;248795;249299;255575;262643
성북구,191848,파리바게뜨 동소문한신점,p943A,98205,[삭제 예정] [천안불당6] 장재리 1000원,POLYGON,NORMAL,1100,1000,2034-10-02,,0,130,29632,23963;24111;24112;24206;24399;30129;30134;32622;32623;33132;34727;35690;36658;37420;38767;38884;38887;41562;42272;42275;48790;51209;51418;53494;53499;53500;53569;53570;53573;53575;53665;54132;54136;54384;56033;56423;56455;59080;60739;60744;60745;60746;61115;61137;61141;64859;65076;65147;65802;65839;65841;66066;66262;67216;67218;75515;76910;83936;87752;87761;90993;95457;95461;95753;97054;97404;99998;117550;118739;118976;118978;126086;126087;126090;126232;126809;129620;136884;136890;138769;142087;148221;148362;151230;152747;154862;158869;158870;158972;160540;160712;161138;165280;165281;165565;165703;166321;167041;173387;177147;177743;180586;181733;181735;181736;181737;181739;181741;181742;181743;181744;181745;181747;185532;186220;191428;191848;193683;193684;193685;193877;193878;193879;194980;196190;196198;196907;196908;198466;203726
성북구,191848,파리바게뜨 동소문한신점,p943A,151704,[성북보문] 이화동 550원,POLYGON,NORMAL,550,0,2026-07-21,,0,4,11,136884;136890;160712;191848
성북구,191848,파리바게뜨 동소문한신점,p943A,151707,[성북보문] 종암동 550원,REGIONS,NORMAL,550,0,2026-07-21,,0,3,3,24112;160712;191848
성북구,191848,파리바게뜨 동소문한신점,p943A,151712,"프라임 픽업할증_1,100원",UNCONDITIONAL,NORMAL,1100,0,2026-07-21,,0,2,2,191848;210158
성북구,191848,파리바게뜨 동소문한신점,p943A,151716,[성북보문] 혜화동 550원,REGIONS,NORMAL,550,0,2026-07-21,,0,2,2,160712;191848
성북구,191848,파리바게뜨 동소문한신점,p943A,151723,[성북보문] 성북동 550원,REGIONS,NORMAL,550,0,2026-07-21,,0,2,2,160712;191848
성북구,193683,올리브영 돈암중앙점,p943A,33928,[올리브영] 기상할증 550원,WEATHER,NORMAL,550,500,2022-03-31,,0,16,2017,30129;30134;54132;54136;158869;158870;193683;193684;193685;193877;193878;193879;196190;196198;219944;220823
성북구,193683,올리브영 돈암중앙점,p943A,98205,[삭제 예정] [천안불당6] 장재리 1000원,POLYGON,NORMAL,1100,1000,2034-10-02,,0,130,29632,23963;24111;24112;24206;24399;30129;30134;32622;32623;33132;34727;35690;36658;37420;38767;38884;38887;41562;42272;42275;48790;51209;51418;53494;53499;53500;53569;53570;53573;53575;53665;54132;54136;54384;56033;56423;56455;59080;60739;60744;60745;60746;61115;61137;61141;64859;65076;65147;65802;65839;65841;66066;66262;67216;67218;75515;76910;83936;87752;87761;90993;95457;95461;95753;97054;97404;99998;117550;118739;118976;118978;126086;126087;126090;126232;126809;129620;136884;136890;138769;142087;148221;148362;151230;152747;154862;158869;158870;158972;160540;160712;161138;165280;165281;165565;165703;166321;167041;173387;177147;177743;180586;181733;181735;181736;181737;181739;181741;181742;181743;181744;181745;181747;185532;186220;191428;191848;193683;193684;193685;193877;193878;193879;194980;196190;196198;196907;196908;198466;203726
성북구,193684,올리브영 돈암점,p943A,33928,[올리브영] 기상할증 550원,WEATHER,NORMAL,550,500,2022-03-31,,0,16,2017,30129;30134;54132;54136;158869;158870;193683;193684;193685;193877;193878;193879;196190;196198;219944;220823
성북구,193684,올리브영 돈암점,p943A,98205,[삭제 예정] [천안불당6] 장재리 1000원,POLYGON,NORMAL,1100,1000,2034-10-02,,0,130,29632,23963;24111;24112;24206;24399;30129;30134;32622;32623;33132;34727;35690;36658;37420;38767;38884;38887;41562;42272;42275;48790;51209;51418;53494;53499;53500;53569;53570;53573;53575;53665;54132;54136;54384;56033;56423;56455;59080;60739;60744;60745;60746;61115;61137;61141;64859;65076;65147;65802;65839;65841;66066;66262;67216;67218;75515;76910;83936;87752;87761;90993;95457;95461;95753;97054;97404;99998;117550;118739;118976;118978;126086;126087;126090;126232;126809;129620;136884;136890;138769;142087;148221;148362;151230;152747;154862;158869;158870;158972;160540;160712;161138;165280;165281;165565;165703;166321;167041;173387;177147;177743;180586;181733;181735;181736;181737;181739;181741;181742;181743;181744;181745;181747;185532;186220;191428;191848;193683;193684;193685;193877;193878;193879;194980;196190;196198;196907;196908;198466;203726
성북구,193685,올리브영 성신여대입구역점,p943A,33928,[올리브영] 기상할증 550원,WEATHER,NORMAL,550,500,2022-03-31,,0,16,2017,30129;30134;54132;54136;158869;158870;193683;193684;193685;193877;193878;193879;196190;196198;219944;220823
성북구,193685,올리브영 성신여대입구역점,p943A,98205,[삭제 예정] [천안불당6] 장재리 1000원,POLYGON,NORMAL,1100,1000,2034-10-02,,0,130,29632,23963;24111;24112;24206;24399;30129;30134;32622;32623;33132;34727;35690;36658;37420;38767;38884;38887;41562;42272;42275;48790;51209;51418;53494;53499;53500;53569;53570;53573;53575;53665;54132;54136;54384;56033;56423;56455;59080;60739;60744;60745;60746;61115;61137;61141;64859;65076;65147;65802;65839;65841;66066;66262;67216;67218;75515;76910;83936;87752;87761;90993;95457;95461;95753;97054;97404;99998;117550;118739;118976;118978;126086;126087;126090;126232;126809;129620;136884;136890;138769;142087;148221;148362;151230;152747;154862;158869;158870;158972;160540;160712;161138;165280;165281;165565;165703;166321;167041;173387;177147;177743;180586;181733;181735;181736;181737;181739;181741;181742;181743;181744;181745;181747;185532;186220;191428;191848;193683;193684;193685;193877;193878;193879;194980;196190;196198;196907;196908;198466;203726
성북구,193877,[유휴]올리브영 돈암중앙점,p943A,33928,[올리브영] 기상할증 550원,WEATHER,NORMAL,550,500,2022-03-31,,0,16,2017,30129;30134;54132;54136;158869;158870;193683;193684;193685;193877;193878;193879;196190;196198;219944;220823
성북구,193877,[유휴]올리브영 돈암중앙점,p943A,98205,[삭제 예정] [천안불당6] 장재리 1000원,POLYGON,NORMAL,1100,1000,2034-10-02,,0,130,29632,23963;24111;24112;24206;24399;30129;30134;32622;32623;33132;34727;35690;36658;37420;38767;38884;38887;41562;42272;42275;48790;51209;51418;53494;53499;53500;53569;53570;53573;53575;53665;54132;54136;54384;56033;56423;56455;59080;60739;60744;60745;60746;61115;61137;61141;64859;65076;65147;65802;65839;65841;66066;66262;67216;67218;75515;76910;83936;87752;87761;90993;95457;95461;95753;97054;97404;99998;117550;118739;118976;118978;126086;126087;126090;126232;126809;129620;136884;136890;138769;142087;148221;148362;151230;152747;154862;158869;158870;158972;160540;160712;161138;165280;165281;165565;165703;166321;167041;173387;177147;177743;180586;181733;181735;181736;181737;181739;181741;181742;181743;181744;181745;181747;185532;186220;191428;191848;193683;193684;193685;193877;193878;193879;194980;196190;196198;196907;196908;198466;203726
성북구,193878,[유휴]올리브영 돈암점,p943A,33928,[올리브영] 기상할증 550원,WEATHER,NORMAL,550,500,2022-03-31,,0,16,2017,30129;30134;54132;54136;158869;158870;193683;193684;193685;193877;193878;193879;196190;196198;219944;220823
성북구,193878,[유휴]올리브영 돈암점,p943A,98205,[삭제 예정] [천안불당6] 장재리 1000원,POLYGON,NORMAL,1100,1000,2034-10-02,,0,130,29632,23963;24111;24112;24206;24399;30129;30134;32622;32623;33132;34727;35690;36658;37420;38767;38884;38887;41562;42272;42275;48790;51209;51418;53494;53499;53500;53569;53570;53573;53575;53665;54132;54136;54384;56033;56423;56455;59080;60739;60744;60745;60746;61115;61137;61141;64859;65076;65147;65802;65839;65841;66066;66262;67216;67218;75515;76910;83936;87752;87761;90993;95457;95461;95753;97054;97404;99998;117550;118739;118976;118978;126086;126087;126090;126232;126809;129620;136884;136890;138769;142087;148221;148362;151230;152747;154862;158869;158870;158972;160540;160712;161138;165280;165281;165565;165703;166321;167041;173387;177147;177743;180586;181733;181735;181736;181737;181739;181741;181742;181743;181744;181745;181747;185532;186220;191428;191848;193683;193684;193685;193877;193878;193879;194980;196190;196198;196907;196908;198466;203726
성북구,193879,[유휴]올리브영 성신여대입구역점,p943A,33928,[올리브영] 기상할증 550원,WEATHER,NORMAL,550,500,2022-03-31,,0,16,2017,30129;30134;54132;54136;158869;158870;193683;193684;193685;193877;193878;193879;196190;196198;219944;220823
성북구,193879,[유휴]올리브영 성신여대입구역점,p943A,98205,[삭제 예정] [천안불당6] 장재리 1000원,POLYGON,NORMAL,1100,1000,2034-10-02,,0,130,29632,23963;24111;24112;24206;24399;30129;30134;32622;32623;33132;34727;35690;36658;37420;38767;38884;38887;41562;42272;42275;48790;51209;51418;53494;53499;53500;53569;53570;53573;53575;53665;54132;54136;54384;56033;56423;56455;59080;60739;60744;60745;60746;61115;61137;61141;64859;65076;65147;65802;65839;65841;66066;66262;67216;67218;75515;76910;83936;87752;87761;90993;95457;95461;95753;97054;97404;99998;117550;118739;118976;118978;126086;126087;126090;126232;126809;129620;136884;136890;138769;142087;148221;148362;151230;152747;154862;158869;158870;158972;160540;160712;161138;165280;165281;165565;165703;166321;167041;173387;177147;177743;180586;181733;181735;181736;181737;181739;181741;181742;181743;181744;181745;181747;185532;186220;191428;191848;193683;193684;193685;193877;193878;193879;194980;196190;196198;196907;196908;198466;203726
성동구,194980,세븐일레븐 왕십리텐즈힐점,p626A,24548,세븐일레븐 기상할증,WEATHER,NORMAL,550,500,2021-10-29,,0,4,1210,64859;75515;90993;194980
성동구,194980,세븐일레븐 왕십리텐즈힐점,p626A,98205,[삭제 예정] [천안불당6] 장재리 1000원,POLYGON,NORMAL,1100,1000,2034-10-02,,0,130,29632,23963;24111;24112;24206;24399;30129;30134;32622;32623;33132;34727;35690;36658;37420;38767;38884;38887;41562;42272;42275;48790;51209;51418;53494;53499;53500;53569;53570;53573;53575;53665;54132;54136;54384;56033;56423;56455;59080;60739;60744;60745;60746;61115;61137;61141;64859;65076;65147;65802;65839;65841;66066;66262;67216;67218;75515;76910;83936;87752;87761;90993;95457;95461;95753;97054;97404;99998;117550;118739;118976;118978;126086;126087;126090;126232;126809;129620;136884;136890;138769;142087;148221;148362;151230;152747;154862;158869;158870;158972;160540;160712;161138;165280;165281;165565;165703;166321;167041;173387;177147;177743;180586;181733;181735;181736;181737;181739;181741;181742;181743;181744;181745;181747;185532;186220;191428;191848;193683;193684;193685;193877;193878;193879;194980;196190;196198;196907;196908;198466;203726
성동구,194980,세븐일레븐 왕십리텐즈힐점,p626A,151452,"미배차대응_7/13~_1,500",UNCONDITIONAL,NORMAL,0,1500,2026-07-13,2026-07-22,1,88,95,24206;24399;30129;30134;32622;32623;33132;34727;35690;36658;37420;38884;38887;41562;42275;51209;51418;53569;53665;54132;54136;54384;56033;56423;60739;60744;60745;60746;64859;65802;65839;66066;67216;67218;75515;76910;83936;97404;99998;118739;118976;118978;126086;126087;126090;126232;126809;129620;138769;142087;148221;151230;152747;158869;158870;160540;161138;166321;177147;177743;180586;181733;181735;181736;181737;181739;181741;185532;186220;191428;194980;196190;196198;203726;210158;212987;216683;228336;228523;231733;233915;236669;238259;243551;248795;249299;255575;262643
성동구,196190,올리브영 황학사거리점,p626A,33928,[올리브영] 기상할증 550원,WEATHER,NORMAL,550,500,2022-03-31,,0,16,2017,30129;30134;54132;54136;158869;158870;193683;193684;193685;193877;193878;193879;196190;196198;219944;220823
성동구,196190,올리브영 황학사거리점,p626A,98205,[삭제 예정] [천안불당6] 장재리 1000원,POLYGON,NORMAL,1100,1000,2034-10-02,,0,130,29632,23963;24111;24112;24206;24399;30129;30134;32622;32623;33132;34727;35690;36658;37420;38767;38884;38887;41562;42272;42275;48790;51209;51418;53494;53499;53500;53569;53570;53573;53575;53665;54132;54136;54384;56033;56423;56455;59080;60739;60744;60745;60746;61115;61137;61141;64859;65076;65147;65802;65839;65841;66066;66262;67216;67218;75515;76910;83936;87752;87761;90993;95457;95461;95753;97054;97404;99998;117550;118739;118976;118978;126086;126087;126090;126232;126809;129620;136884;136890;138769;142087;148221;148362;151230;152747;154862;158869;158870;158972;160540;160712;161138;165280;165281;165565;165703;166321;167041;173387;177147;177743;180586;181733;181735;181736;181737;181739;181741;181742;181743;181744;181745;181747;185532;186220;191428;191848;193683;193684;193685;193877;193878;193879;194980;196190;196198;196907;196908;198466;203726
성동구,196190,올리브영 황학사거리점,p626A,151452,"미배차대응_7/13~_1,500",UNCONDITIONAL,NORMAL,0,1500,2026-07-13,2026-07-22,1,88,95,24206;24399;30129;30134;32622;32623;33132;34727;35690;36658;37420;38884;38887;41562;42275;51209;51418;53569;53665;54132;54136;54384;56033;56423;60739;60744;60745;60746;64859;65802;65839;66066;67216;67218;75515;76910;83936;97404;99998;118739;118976;118978;126086;126087;126090;126232;126809;129620;138769;142087;148221;151230;152747;158869;158870;160540;161138;166321;177147;177743;180586;181733;181735;181736;181737;181739;181741;185532;186220;191428;194980;196190;196198;203726;210158;212987;216683;228336;228523;231733;233915;236669;238259;243551;248795;249299;255575;262643
성동구,196198,[유휴]올리브영 황학사거리점,p626A,33928,[올리브영] 기상할증 550원,WEATHER,NORMAL,550,500,2022-03-31,,0,16,2017,30129;30134;54132;54136;158869;158870;193683;193684;193685;193877;193878;193879;196190;196198;219944;220823
성동구,196198,[유휴]올리브영 황학사거리점,p626A,98205,[삭제 예정] [천안불당6] 장재리 1000원,POLYGON,NORMAL,1100,1000,2034-10-02,,0,130,29632,23963;24111;24112;24206;24399;30129;30134;32622;32623;33132;34727;35690;36658;37420;38767;38884;38887;41562;42272;42275;48790;51209;51418;53494;53499;53500;53569;53570;53573;53575;53665;54132;54136;54384;56033;56423;56455;59080;60739;60744;60745;60746;61115;61137;61141;64859;65076;65147;65802;65839;65841;66066;66262;67216;67218;75515;76910;83936;87752;87761;90993;95457;95461;95753;97054;97404;99998;117550;118739;118976;118978;126086;126087;126090;126232;126809;129620;136884;136890;138769;142087;148221;148362;151230;152747;154862;158869;158870;158972;160540;160712;161138;165280;165281;165565;165703;166321;167041;173387;177147;177743;180586;181733;181735;181736;181737;181739;181741;181742;181743;181744;181745;181747;185532;186220;191428;191848;193683;193684;193685;193877;193878;193879;194980;196190;196198;196907;196908;198466;203726
성동구,196198,[유휴]올리브영 황학사거리점,p626A,151452,"미배차대응_7/13~_1,500",UNCONDITIONAL,NORMAL,0,1500,2026-07-13,2026-07-22,1,88,95,24206;24399;30129;30134;32622;32623;33132;34727;35690;36658;37420;38884;38887;41562;42275;51209;51418;53569;53665;54132;54136;54384;56033;56423;60739;60744;60745;60746;64859;65802;65839;66066;67216;67218;75515;76910;83936;97404;99998;118739;118976;118978;126086;126087;126090;126232;126809;129620;138769;142087;148221;151230;152747;158869;158870;160540;161138;166321;177147;177743;180586;181733;181735;181736;181737;181739;181741;185532;186220;191428;194980;196190;196198;203726;210158;212987;216683;228336;228523;231733;233915;236669;238259;243551;248795;249299;255575;262643
성북구,196907,요기요OD_성북길음지점/강북도봉,p797A,83079,요기요 기상할증(원가500),WEATHER,YOGIYO,275,500,2024-05-26,,0,4,958,165565;165703;196907;196908
성북구,196907,요기요OD_성북길음지점/강북도봉,p797A,91406,[성북월곡요] 클라시아센터피스500원,POLYGON,YOGIYO,275,500,2024-08-01,,0,2,2,196907;196908
성북구,196907,요기요OD_성북길음지점/강북도봉,p797A,91948,[성북월곡요] 수유동 1000원,POLYGON,YOGIYO,550,1000,2024-08-01,,0,2,2,196907;196908
성북구,196907,요기요OD_성북길음지점/강북도봉,p797A,92398,"[성북월곡요] 월계1,2동 1000원",POLYGON,YOGIYO,550,1000,2024-08-01,,0,2,2,196907;196908
성북구,196907,요기요OD_성북길음지점/강북도봉,p797A,92399,[성북월곡요] 장위동 500원,POLYGON,YOGIYO,275,500,2024-08-01,,0,2,2,196907;196908
성북구,196907,요기요OD_성북길음지점/강북도봉,p797A,92653,[성북월곡요] 정릉동 픽업 1000원,POLYGON,YOGIYO,550,1000,2024-08-01,,0,2,2,196907;196908
성북구,196907,요기요OD_성북길음지점/강북도봉,p797A,94195,"[성북월곡요] 정릉동 1,000원",POLYGON,YOGIYO,550,1000,2024-08-01,,0,2,2,196907;196908
성북구,196907,요기요OD_성북길음지점/강북도봉,p797A,94725,[성북월곡요] 상월곡동 픽업 2000,POLYGON,YOGIYO,1100,2000,2024-09-01,,0,2,2,196907;196908
성북구,196907,요기요OD_성북길음지점/강북도봉,p797A,98205,[삭제 예정] [천안불당6] 장재리 1000원,POLYGON,NORMAL,1100,1000,2034-10-02,,0,130,29632,23963;24111;24112;24206;24399;30129;30134;32622;32623;33132;34727;35690;36658;37420;38767;38884;38887;41562;42272;42275;48790;51209;51418;53494;53499;53500;53569;53570;53573;53575;53665;54132;54136;54384;56033;56423;56455;59080;60739;60744;60745;60746;61115;61137;61141;64859;65076;65147;65802;65839;65841;66066;66262;67216;67218;75515;76910;83936;87752;87761;90993;95457;95461;95753;97054;97404;99998;117550;118739;118976;118978;126086;126087;126090;126232;126809;129620;136884;136890;138769;142087;148221;148362;151230;152747;154862;158869;158870;158972;160540;160712;161138;165280;165281;165565;165703;166321;167041;173387;177147;177743;180586;181733;181735;181736;181737;181739;181741;181742;181743;181744;181745;181747;185532;186220;191428;191848;193683;193684;193685;193877;193878;193879;194980;196190;196198;196907;196908;198466;203726
성북구,196907,요기요OD_성북길음지점/강북도봉,p797A,100305,"[성북월곡요] 월계3동 1,500원",POLYGON,YOGIYO,825,1500,2024-10-01,,0,2,2,196907;196908
성북구,196907,요기요OD_성북길음지점/강북도봉,p797A,106300,"[성북월곡요] 도봉구 2,000원",POLYGON,YOGIYO,1100,2000,2024-12-01,,0,2,2,196907;196908
성북구,196907,요기요OD_성북길음지점/강북도봉,p797A,109443,"[성북월곡요] 번동 1,000원",POLYGON,YOGIYO,550,1000,2025-01-01,,0,2,2,196907;196908
성북구,196907,요기요OD_성북길음지점/강북도봉,p797A,110381,"[성북월곡요] 삼양, 미아 500원",POLYGON,YOGIYO,275,500,2025-01-01,,0,2,2,196907;196908
성북구,196907,요기요OD_성북길음지점/강북도봉,p797A,117600,요기요 주류배송 할증(100),LIQUOR,NORMAL,0,500,2025-03-11,,1,4,952,165565;165703;196907;196908
성북구,196907,요기요OD_성북길음지점/강북도봉,p797A,136029,"[성북월곡요] 백화점 1,000원",POLYGON,YOGIYO,550,1000,2025-08-01,,0,2,2,196907;196908
성북구,196907,요기요OD_성북길음지점/강북도봉,p797A,136768,"[성북월곡요] 이마트 1,000원",POLYGON,YOGIYO,550,1000,2025-09-01,,0,2,2,196907;196908
성북구,196907,요기요OD_성북길음지점/강북도봉,p797A,147708,요기요아침배송(100)_1000(2),WEEKLY_HOURS,NORMAL,0,1000,2026-04-14,,1,2,60,196907;196908
성북구,196907,요기요OD_성북길음지점/강북도봉,p797A,151703,특별 기상 프로모션(500),WEEKLY_HOURS,YOGIYO,550,0,2026-07-21,,0,4,16,165565;165703;196907;196908
성북구,196907,요기요OD_성북길음지점/강북도봉,p797A,151706,요기요OD 주류배송 할증,LIQUOR,YOGIYO,550,0,2026-07-21,,0,4,6,165565;165703;196907;196908
성북구,196907,요기요OD_성북길음지점/강북도봉,p797A,151766,요기요OD_아침배송,WEEKLY_HOURS,YOGIYO,1100,0,2026-07-21,,0,2,2,196907;196908
성북구,196908,요기요OD_단건_성북길음지점/강북도봉,p797A,83079,요기요 기상할증(원가500),WEATHER,YOGIYO,275,500,2024-05-26,,0,4,958,165565;165703;196907;196908
성북구,196908,요기요OD_단건_성북길음지점/강북도봉,p797A,91406,[성북월곡요] 클라시아센터피스500원,POLYGON,YOGIYO,275,500,2024-08-01,,0,2,2,196907;196908
성북구,196908,요기요OD_단건_성북길음지점/강북도봉,p797A,91948,[성북월곡요] 수유동 1000원,POLYGON,YOGIYO,550,1000,2024-08-01,,0,2,2,196907;196908
성북구,196908,요기요OD_단건_성북길음지점/강북도봉,p797A,92398,"[성북월곡요] 월계1,2동 1000원",POLYGON,YOGIYO,550,1000,2024-08-01,,0,2,2,196907;196908
성북구,196908,요기요OD_단건_성북길음지점/강북도봉,p797A,92399,[성북월곡요] 장위동 500원,POLYGON,YOGIYO,275,500,2024-08-01,,0,2,2,196907;196908
성북구,196908,요기요OD_단건_성북길음지점/강북도봉,p797A,92653,[성북월곡요] 정릉동 픽업 1000원,POLYGON,YOGIYO,550,1000,2024-08-01,,0,2,2,196907;196908
성북구,196908,요기요OD_단건_성북길음지점/강북도봉,p797A,94195,"[성북월곡요] 정릉동 1,000원",POLYGON,YOGIYO,550,1000,2024-08-01,,0,2,2,196907;196908
성북구,196908,요기요OD_단건_성북길음지점/강북도봉,p797A,94725,[성북월곡요] 상월곡동 픽업 2000,POLYGON,YOGIYO,1100,2000,2024-09-01,,0,2,2,196907;196908
성북구,196908,요기요OD_단건_성북길음지점/강북도봉,p797A,98205,[삭제 예정] [천안불당6] 장재리 1000원,POLYGON,NORMAL,1100,1000,2034-10-02,,0,130,29632,23963;24111;24112;24206;24399;30129;30134;32622;32623;33132;34727;35690;36658;37420;38767;38884;38887;41562;42272;42275;48790;51209;51418;53494;53499;53500;53569;53570;53573;53575;53665;54132;54136;54384;56033;56423;56455;59080;60739;60744;60745;60746;61115;61137;61141;64859;65076;65147;65802;65839;65841;66066;66262;67216;67218;75515;76910;83936;87752;87761;90993;95457;95461;95753;97054;97404;99998;117550;118739;118976;118978;126086;126087;126090;126232;126809;129620;136884;136890;138769;142087;148221;148362;151230;152747;154862;158869;158870;158972;160540;160712;161138;165280;165281;165565;165703;166321;167041;173387;177147;177743;180586;181733;181735;181736;181737;181739;181741;181742;181743;181744;181745;181747;185532;186220;191428;191848;193683;193684;193685;193877;193878;193879;194980;196190;196198;196907;196908;198466;203726
성북구,196908,요기요OD_단건_성북길음지점/강북도봉,p797A,100305,"[성북월곡요] 월계3동 1,500원",POLYGON,YOGIYO,825,1500,2024-10-01,,0,2,2,196907;196908
성북구,196908,요기요OD_단건_성북길음지점/강북도봉,p797A,106300,"[성북월곡요] 도봉구 2,000원",POLYGON,YOGIYO,1100,2000,2024-12-01,,0,2,2,196907;196908
성북구,196908,요기요OD_단건_성북길음지점/강북도봉,p797A,109443,"[성북월곡요] 번동 1,000원",POLYGON,YOGIYO,550,1000,2025-01-01,,0,2,2,196907;196908
성북구,196908,요기요OD_단건_성북길음지점/강북도봉,p797A,110381,"[성북월곡요] 삼양, 미아 500원",POLYGON,YOGIYO,275,500,2025-01-01,,0,2,2,196907;196908
성북구,196908,요기요OD_단건_성북길음지점/강북도봉,p797A,117600,요기요 주류배송 할증(100),LIQUOR,NORMAL,0,500,2025-03-11,,1,4,952,165565;165703;196907;196908
성북구,196908,요기요OD_단건_성북길음지점/강북도봉,p797A,131032,요기요 단건(수도권),UNCONDITIONAL,NORMAL,0,500,2025-05-12,,1,2,198,165703;196908
성북구,196908,요기요OD_단건_성북길음지점/강북도봉,p797A,136029,"[성북월곡요] 백화점 1,000원",POLYGON,YOGIYO,550,1000,2025-08-01,,0,2,2,196907;196908
성북구,196908,요기요OD_단건_성북길음지점/강북도봉,p797A,136768,"[성북월곡요] 이마트 1,000원",POLYGON,YOGIYO,550,1000,2025-09-01,,0,2,2,196907;196908
성북구,196908,요기요OD_단건_성북길음지점/강북도봉,p797A,147708,요기요아침배송(100)_1000(2),WEEKLY_HOURS,NORMAL,0,1000,2026-04-14,,1,2,60,196907;196908
성북구,196908,요기요OD_단건_성북길음지점/강북도봉,p797A,151703,특별 기상 프로모션(500),WEEKLY_HOURS,YOGIYO,550,0,2026-07-21,,0,4,16,165565;165703;196907;196908
성북구,196908,요기요OD_단건_성북길음지점/강북도봉,p797A,151706,요기요OD 주류배송 할증,LIQUOR,YOGIYO,550,0,2026-07-21,,0,4,6,165565;165703;196907;196908
성북구,196908,요기요OD_단건_성북길음지점/강북도봉,p797A,151766,요기요OD_아침배송,WEEKLY_HOURS,YOGIYO,1100,0,2026-07-21,,0,2,2,196907;196908
성북구,198466,CU 길음센터피스점,p797A,98205,[삭제 예정] [천안불당6] 장재리 1000원,POLYGON,NORMAL,1100,1000,2034-10-02,,0,130,29632,23963;24111;24112;24206;24399;30129;30134;32622;32623;33132;34727;35690;36658;37420;38767;38884;38887;41562;42272;42275;48790;51209;51418;53494;53499;53500;53569;53570;53573;53575;53665;54132;54136;54384;56033;56423;56455;59080;60739;60744;60745;60746;61115;61137;61141;64859;65076;65147;65802;65839;65841;66066;66262;67216;67218;75515;76910;83936;87752;87761;90993;95457;95461;95753;97054;97404;99998;117550;118739;118976;118978;126086;126087;126090;126232;126809;129620;136884;136890;138769;142087;148221;148362;151230;152747;154862;158869;158870;158972;160540;160712;161138;165280;165281;165565;165703;166321;167041;173387;177147;177743;180586;181733;181735;181736;181737;181739;181741;181742;181743;181744;181745;181747;185532;186220;191428;191848;193683;193684;193685;193877;193878;193879;194980;196190;196198;196907;196908;198466;203726
성북구,198466,CU 길음센터피스점,p797A,135913,CU 기상할증,WEATHER,NORMAL,550,500,2025-10-01,,0,40,4520,36658;37420;38884;38887;41562;51209;51418;53494;53499;53500;53569;53570;53573;53575;53665;67216;67218;76910;126086;126087;126090;126232;126809;138769;142087;158972;160540;165280;165281;166321;167041;173387;186220;198466;203726;212987;228336;228523;231733;231761
성북구,198466,CU 길음센터피스점,p797A,151701,CU편의점 야간할증,WEEKLY_HOURS,NORMAL,550,0,2026-07-21,,0,39,100,36658;37420;38884;38887;41562;51209;51418;53494;53499;53500;53569;53570;53573;53575;53665;67216;67218;76910;126086;126087;126090;126232;126809;138769;158972;160540;165280;165281;166321;167041;173387;186220;198466;203726;212987;228336;228523;231733;231761
성동구,203726,CU 상왕십리역점,p626A,98205,[삭제 예정] [천안불당6] 장재리 1000원,POLYGON,NORMAL,1100,1000,2034-10-02,,0,130,29632,23963;24111;24112;24206;24399;30129;30134;32622;32623;33132;34727;35690;36658;37420;38767;38884;38887;41562;42272;42275;48790;51209;51418;53494;53499;53500;53569;53570;53573;53575;53665;54132;54136;54384;56033;56423;56455;59080;60739;60744;60745;60746;61115;61137;61141;64859;65076;65147;65802;65839;65841;66066;66262;67216;67218;75515;76910;83936;87752;87761;90993;95457;95461;95753;97054;97404;99998;117550;118739;118976;118978;126086;126087;126090;126232;126809;129620;136884;136890;138769;142087;148221;148362;151230;152747;154862;158869;158870;158972;160540;160712;161138;165280;165281;165565;165703;166321;167041;173387;177147;177743;180586;181733;181735;181736;181737;181739;181741;181742;181743;181744;181745;181747;185532;186220;191428;191848;193683;193684;193685;193877;193878;193879;194980;196190;196198;196907;196908;198466;203726
성동구,203726,CU 상왕십리역점,p626A,135913,CU 기상할증,WEATHER,NORMAL,550,500,2025-10-01,,0,40,4520,36658;37420;38884;38887;41562;51209;51418;53494;53499;53500;53569;53570;53573;53575;53665;67216;67218;76910;126086;126087;126090;126232;126809;138769;142087;158972;160540;165280;165281;166321;167041;173387;186220;198466;203726;212987;228336;228523;231733;231761
성동구,203726,CU 상왕십리역점,p626A,151452,"미배차대응_7/13~_1,500",UNCONDITIONAL,NORMAL,0,1500,2026-07-13,2026-07-22,1,88,95,24206;24399;30129;30134;32622;32623;33132;34727;35690;36658;37420;38884;38887;41562;42275;51209;51418;53569;53665;54132;54136;54384;56033;56423;60739;60744;60745;60746;64859;65802;65839;66066;67216;67218;75515;76910;83936;97404;99998;118739;118976;118978;126086;126087;126090;126232;126809;129620;138769;142087;148221;151230;152747;158869;158870;160540;161138;166321;177147;177743;180586;181733;181735;181736;181737;181739;181741;185532;186220;191428;194980;196190;196198;203726;210158;212987;216683;228336;228523;231733;233915;236669;238259;243551;248795;249299;255575;262643
성동구,203726,CU 상왕십리역점,p626A,151701,CU편의점 야간할증,WEEKLY_HOURS,NORMAL,550,0,2026-07-21,,0,39,100,36658;37420;38884;38887;41562;51209;51418;53494;53499;53500;53569;53570;53573;53575;53665;67216;67218;76910;126086;126087;126090;126232;126809;138769;158972;160540;165280;165281;166321;167041;173387;186220;198466;203726;212987;228336;228523;231733;231761
성동구,210158,전담GATE 한양대점,p626A,10399,프라임 기상할증 550원,WEATHER,NORMAL,550,500,2020-01-28,,0,11,1473,35690;42272;97054;136884;136890;148362;180586;210158;243551;249299;255575
성동구,210158,전담GATE 한양대점,p626A,151452,"미배차대응_7/13~_1,500",UNCONDITIONAL,NORMAL,0,1500,2026-07-13,2026-07-22,1,88,95,24206;24399;30129;30134;32622;32623;33132;34727;35690;36658;37420;38884;38887;41562;42275;51209;51418;53569;53665;54132;54136;54384;56033;56423;60739;60744;60745;60746;64859;65802;65839;66066;67216;67218;75515;76910;83936;97404;99998;118739;118976;118978;126086;126087;126090;126232;126809;129620;138769;142087;148221;151230;152747;158869;158870;160540;161138;166321;177147;177743;180586;181733;181735;181736;181737;181739;181741;185532;186220;191428;194980;196190;196198;203726;210158;212987;216683;228336;228523;231733;233915;236669;238259;243551;248795;249299;255575;262643
성동구,210158,전담GATE 한양대점,p626A,151712,"프라임 픽업할증_1,100원",UNCONDITIONAL,NORMAL,1100,0,2026-07-21,,0,2,2,191848;210158
성동구,212987,CU 옥수래미안리버젠점,p626A,135913,CU 기상할증,WEATHER,NORMAL,550,500,2025-10-01,,0,40,4520,36658;37420;38884;38887;41562;51209;51418;53494;53499;53500;53569;53570;53573;53575;53665;67216;67218;76910;126086;126087;126090;126232;126809;138769;142087;158972;160540;165280;165281;166321;167041;173387;186220;198466;203726;212987;228336;228523;231733;231761
성동구,212987,CU 옥수래미안리버젠점,p626A,151452,"미배차대응_7/13~_1,500",UNCONDITIONAL,NORMAL,0,1500,2026-07-13,2026-07-22,1,88,95,24206;24399;30129;30134;32622;32623;33132;34727;35690;36658;37420;38884;38887;41562;42275;51209;51418;53569;53665;54132;54136;54384;56033;56423;60739;60744;60745;60746;64859;65802;65839;66066;67216;67218;75515;76910;83936;97404;99998;118739;118976;118978;126086;126087;126090;126232;126809;129620;138769;142087;148221;151230;152747;158869;158870;160540;161138;166321;177147;177743;180586;181733;181735;181736;181737;181739;181741;185532;186220;191428;194980;196190;196198;203726;210158;212987;216683;228336;228523;231733;233915;236669;238259;243551;248795;249299;255575;262643
성동구,212987,CU 옥수래미안리버젠점,p626A,151701,CU편의점 야간할증,WEEKLY_HOURS,NORMAL,550,0,2026-07-21,,0,39,100,36658;37420;38884;38887;41562;51209;51418;53494;53499;53500;53569;53570;53573;53575;53665;67216;67218;76910;126086;126087;126090;126232;126809;138769;158972;160540;165280;165281;166321;167041;173387;186220;198466;203726;212987;228336;228523;231733;231761
성동구,216683,GS25 신금호역점,p626A,59880,GS25 기상할증_1,WEATHER,NORMAL,550,500,2023-09-01,,0,29,3091,56033;56423;56455;59080;60739;60744;60745;60746;61115;61137;61141;65076;65147;65802;65839;65841;66066;66262;87752;87761;95457;95461;129620;148221;151230;152747;154862;161138;216683
성동구,216683,GS25 신금호역점,p626A,151452,"미배차대응_7/13~_1,500",UNCONDITIONAL,NORMAL,0,1500,2026-07-13,2026-07-22,1,88,95,24206;24399;30129;30134;32622;32623;33132;34727;35690;36658;37420;38884;38887;41562;42275;51209;51418;53569;53665;54132;54136;54384;56033;56423;60739;60744;60745;60746;64859;65802;65839;66066;67216;67218;75515;76910;83936;97404;99998;118739;118976;118978;126086;126087;126090;126232;126809;129620;138769;142087;148221;151230;152747;158869;158870;160540;161138;166321;177147;177743;180586;181733;181735;181736;181737;181739;181741;185532;186220;191428;194980;196190;196198;203726;210158;212987;216683;228336;228523;231733;233915;236669;238259;243551;248795;249299;255575;262643
성북구,219944,올리브영 한성대입구역점,p943A,33928,[올리브영] 기상할증 550원,WEATHER,NORMAL,550,500,2022-03-31,,0,16,2017,30129;30134;54132;54136;158869;158870;193683;193684;193685;193877;193878;193879;196190;196198;219944;220823
성북구,220823,[유휴]올리브영 한성대입구역점,p943A,33928,[올리브영] 기상할증 550원,WEATHER,NORMAL,550,500,2022-03-31,,0,16,2017,30129;30134;54132;54136;158869;158870;193683;193684;193685;193877;193878;193879;196190;196198;219944;220823
성동구,228336,CU 응봉사랑점,p626A,135913,CU 기상할증,WEATHER,NORMAL,550,500,2025-10-01,,0,40,4520,36658;37420;38884;38887;41562;51209;51418;53494;53499;53500;53569;53570;53573;53575;53665;67216;67218;76910;126086;126087;126090;126232;126809;138769;142087;158972;160540;165280;165281;166321;167041;173387;186220;198466;203726;212987;228336;228523;231733;231761
성동구,228336,CU 응봉사랑점,p626A,151452,"미배차대응_7/13~_1,500",UNCONDITIONAL,NORMAL,0,1500,2026-07-13,2026-07-22,1,88,95,24206;24399;30129;30134;32622;32623;33132;34727;35690;36658;37420;38884;38887;41562;42275;51209;51418;53569;53665;54132;54136;54384;56033;56423;60739;60744;60745;60746;64859;65802;65839;66066;67216;67218;75515;76910;83936;97404;99998;118739;118976;118978;126086;126087;126090;126232;126809;129620;138769;142087;148221;151230;152747;158869;158870;160540;161138;166321;177147;177743;180586;181733;181735;181736;181737;181739;181741;185532;186220;191428;194980;196190;196198;203726;210158;212987;216683;228336;228523;231733;233915;236669;238259;243551;248795;249299;255575;262643
성동구,228336,CU 응봉사랑점,p626A,151701,CU편의점 야간할증,WEEKLY_HOURS,NORMAL,550,0,2026-07-21,,0,39,100,36658;37420;38884;38887;41562;51209;51418;53494;53499;53500;53569;53570;53573;53575;53665;67216;67218;76910;126086;126087;126090;126232;126809;138769;158972;160540;165280;165281;166321;167041;173387;186220;198466;203726;212987;228336;228523;231733;231761
성동구,228523,CU 행당삼부소월점,p626A,135913,CU 기상할증,WEATHER,NORMAL,550,500,2025-10-01,,0,40,4520,36658;37420;38884;38887;41562;51209;51418;53494;53499;53500;53569;53570;53573;53575;53665;67216;67218;76910;126086;126087;126090;126232;126809;138769;142087;158972;160540;165280;165281;166321;167041;173387;186220;198466;203726;212987;228336;228523;231733;231761
성동구,228523,CU 행당삼부소월점,p626A,151452,"미배차대응_7/13~_1,500",UNCONDITIONAL,NORMAL,0,1500,2026-07-13,2026-07-22,1,88,95,24206;24399;30129;30134;32622;32623;33132;34727;35690;36658;37420;38884;38887;41562;42275;51209;51418;53569;53665;54132;54136;54384;56033;56423;60739;60744;60745;60746;64859;65802;65839;66066;67216;67218;75515;76910;83936;97404;99998;118739;118976;118978;126086;126087;126090;126232;126809;129620;138769;142087;148221;151230;152747;158869;158870;160540;161138;166321;177147;177743;180586;181733;181735;181736;181737;181739;181741;185532;186220;191428;194980;196190;196198;203726;210158;212987;216683;228336;228523;231733;233915;236669;238259;243551;248795;249299;255575;262643
성동구,228523,CU 행당삼부소월점,p626A,151701,CU편의점 야간할증,WEEKLY_HOURS,NORMAL,550,0,2026-07-21,,0,39,100,36658;37420;38884;38887;41562;51209;51418;53494;53499;53500;53569;53570;53573;53575;53665;67216;67218;76910;126086;126087;126090;126232;126809;138769;158972;160540;165280;165281;166321;167041;173387;186220;198466;203726;212987;228336;228523;231733;231761
성동구,231733,CU 응봉역점,p626A,135913,CU 기상할증,WEATHER,NORMAL,550,500,2025-10-01,,0,40,4520,36658;37420;38884;38887;41562;51209;51418;53494;53499;53500;53569;53570;53573;53575;53665;67216;67218;76910;126086;126087;126090;126232;126809;138769;142087;158972;160540;165280;165281;166321;167041;173387;186220;198466;203726;212987;228336;228523;231733;231761
성동구,231733,CU 응봉역점,p626A,151452,"미배차대응_7/13~_1,500",UNCONDITIONAL,NORMAL,0,1500,2026-07-13,2026-07-22,1,88,95,24206;24399;30129;30134;32622;32623;33132;34727;35690;36658;37420;38884;38887;41562;42275;51209;51418;53569;53665;54132;54136;54384;56033;56423;60739;60744;60745;60746;64859;65802;65839;66066;67216;67218;75515;76910;83936;97404;99998;118739;118976;118978;126086;126087;126090;126232;126809;129620;138769;142087;148221;151230;152747;158869;158870;160540;161138;166321;177147;177743;180586;181733;181735;181736;181737;181739;181741;185532;186220;191428;194980;196190;196198;203726;210158;212987;216683;228336;228523;231733;233915;236669;238259;243551;248795;249299;255575;262643
성동구,231733,CU 응봉역점,p626A,151701,CU편의점 야간할증,WEEKLY_HOURS,NORMAL,550,0,2026-07-21,,0,39,100,36658;37420;38884;38887;41562;51209;51418;53494;53499;53500;53569;53570;53573;53575;53665;67216;67218;76910;126086;126087;126090;126232;126809;138769;158972;160540;165280;165281;166321;167041;173387;186220;198466;203726;212987;228336;228523;231733;231761
성북구,231761,CU 동선대로점,p943A,135913,CU 기상할증,WEATHER,NORMAL,550,500,2025-10-01,,0,40,4520,36658;37420;38884;38887;41562;51209;51418;53494;53499;53500;53569;53570;53573;53575;53665;67216;67218;76910;126086;126087;126090;126232;126809;138769;142087;158972;160540;165280;165281;166321;167041;173387;186220;198466;203726;212987;228336;228523;231733;231761
성북구,231761,CU 동선대로점,p943A,151701,CU편의점 야간할증,WEEKLY_HOURS,NORMAL,550,0,2026-07-21,,0,39,100,36658;37420;38884;38887;41562;51209;51418;53494;53499;53500;53569;53570;53573;53575;53665;67216;67218;76910;126086;126087;126090;126232;126809;138769;158972;160540;165280;165281;166321;167041;173387;186220;198466;203726;212987;228336;228523;231733;231761
성동구,233915,(선택)배스킨라빈스 왕십리센트라스점,p626A,151452,"미배차대응_7/13~_1,500",UNCONDITIONAL,NORMAL,0,1500,2026-07-13,2026-07-22,1,88,95,24206;24399;30129;30134;32622;32623;33132;34727;35690;36658;37420;38884;38887;41562;42275;51209;51418;53569;53665;54132;54136;54384;56033;56423;60739;60744;60745;60746;64859;65802;65839;66066;67216;67218;75515;76910;83936;97404;99998;118739;118976;118978;126086;126087;126090;126232;126809;129620;138769;142087;148221;151230;152747;158869;158870;160540;161138;166321;177147;177743;180586;181733;181735;181736;181737;181739;181741;185532;186220;191428;194980;196190;196198;203726;210158;212987;216683;228336;228523;231733;233915;236669;238259;243551;248795;249299;255575;262643
성동구,236669,GS25 성동샤르망점,p626A,104599,GS25 기상할증_2,WEATHER,NORMAL,550,500,2024-11-01,,0,1,1134,236669
성동구,236669,GS25 성동샤르망점,p626A,151452,"미배차대응_7/13~_1,500",UNCONDITIONAL,NORMAL,0,1500,2026-07-13,2026-07-22,1,88,95,24206;24399;30129;30134;32622;32623;33132;34727;35690;36658;37420;38884;38887;41562;42275;51209;51418;53569;53665;54132;54136;54384;56033;56423;60739;60744;60745;60746;64859;65802;65839;66066;67216;67218;75515;76910;83936;97404;99998;118739;118976;118978;126086;126087;126090;126232;126809;129620;138769;142087;148221;151230;152747;158869;158870;160540;161138;166321;177147;177743;180586;181733;181735;181736;181737;181739;181741;185532;186220;191428;194980;196190;196198;203726;210158;212987;216683;228336;228523;231733;233915;236669;238259;243551;248795;249299;255575;262643
성북구,237784,[길음역]길음역라와마라탕 1층,p797A,90056,[성북월곡]보문동2가 1100원,POLYGON,NORMAL,1100,1000,2024-07-01,,0,2,42,237784;257468
성북구,237784,[길음역]길음역라와마라탕 1층,p797A,90064,[성북월곡]보문동6가 2200원,POLYGON,NORMAL,2200,2000,2024-07-01,,0,2,42,237784;257468
성북구,237784,[길음역]길음역라와마라탕 1층,p797A,90279,[성북월곡] 기상할증 550원,WEATHER,NORMAL,550,500,2024-07-01,,0,2,42,237784;257468
성북구,237784,[길음역]길음역라와마라탕 1층,p797A,151708,[성북월곡] 야간할증 770원,WEEKLY_HOURS,NORMAL,770,0,2026-07-21,,0,3,3,97054;237784;257468
성북구,237784,[길음역]길음역라와마라탕 1층,p797A,151728,[성북월곡]정릉동4구역 550원,POLYGON,NORMAL,550,0,2026-07-21,,0,2,2,237784;257468
성북구,237784,[길음역]길음역라와마라탕 1층,p797A,151729,[성북월곡]정릉동3구역 1650,POLYGON,NORMAL,1650,0,2026-07-21,,0,2,2,237784;257468
성북구,237784,[길음역]길음역라와마라탕 1층,p797A,151730,[성북월곡]삼선동1가 3300원,POLYGON,NORMAL,3300,0,2026-07-21,,0,2,2,237784;257468
성북구,237784,[길음역]길음역라와마라탕 1층,p797A,151731,[성북월곡]삼선동2가 2200원,POLYGON,NORMAL,2200,0,2026-07-21,,0,2,2,237784;257468
성북구,237784,[길음역]길음역라와마라탕 1층,p797A,151732,[성북월곡]삼선동3가 1650원,POLYGON,NORMAL,1650,0,2026-07-21,,0,2,2,237784;257468
성북구,237784,[길음역]길음역라와마라탕 1층,p797A,151733,[성북월곡] 정릉동고려대 1구역550,POLYGON,NORMAL,550,0,2026-07-21,,0,2,2,237784;257468
성북구,237784,[길음역]길음역라와마라탕 1층,p797A,151734,[성북월곡]삼선동4가 1650원,POLYGON,NORMAL,1650,0,2026-07-21,,0,2,2,237784;257468
성북구,237784,[길음역]길음역라와마라탕 1층,p797A,151735,[성북월곡]삼선동5가 1650원,POLYGON,NORMAL,1650,0,2026-07-21,,0,2,2,237784;257468
성북구,237784,[길음역]길음역라와마라탕 1층,p797A,151736,[성북월곡]보문동1가 1100원,POLYGON,NORMAL,1100,0,2026-07-21,,0,2,2,237784;257468
성북구,237784,[길음역]길음역라와마라탕 1층,p797A,151737,[성북월곡]보문동2가 1100원,POLYGON,NORMAL,1100,0,2026-07-21,,0,2,2,237784;257468
성북구,237784,[길음역]길음역라와마라탕 1층,p797A,151738,[성북월곡]보문동3가 2200원,POLYGON,NORMAL,2200,0,2026-07-21,,0,2,2,237784;257468
성북구,237784,[길음역]길음역라와마라탕 1층,p797A,151739,"[성북월곡] 제기,청량리 1,100원",POLYGON,NORMAL,1100,0,2026-07-21,,0,2,2,237784;257468
성북구,237784,[길음역]길음역라와마라탕 1층,p797A,151740,[성북월곡]정릉동508번지일대 550,POLYGON,NORMAL,550,0,2026-07-21,,0,2,2,237784;257468
성북구,237784,[길음역]길음역라와마라탕 1층,p797A,151741,[성북월곡]보문동4가 1100원,POLYGON,NORMAL,1100,0,2026-07-21,,0,2,2,237784;257468
성북구,237784,[길음역]길음역라와마라탕 1층,p797A,151742,"[성북월곡] 제기,청량리 550원",POLYGON,NORMAL,550,0,2026-07-21,,0,2,2,237784;257468
성북구,237784,[길음역]길음역라와마라탕 1층,p797A,151743,[성북월곡]보문동5가 1100원,POLYGON,NORMAL,1100,0,2026-07-21,,0,2,2,237784;257468
성북구,237784,[길음역]길음역라와마라탕 1층,p797A,151744,[성북월곡]보문동6가 2200원,POLYGON,NORMAL,2200,0,2026-07-21,,0,2,2,237784;257468
성북구,237784,[길음역]길음역라와마라탕 1층,p797A,151745,[성북월곡]보문동7가 1100원,POLYGON,NORMAL,1100,0,2026-07-21,,0,2,2,237784;257468
성북구,237784,[길음역]길음역라와마라탕 1층,p797A,151746,[성북월곡]동소문동1가 2200원,POLYGON,NORMAL,2200,0,2026-07-21,,0,2,2,237784;257468
성북구,237784,[길음역]길음역라와마라탕 1층,p797A,151747,[성북월곡]동소문동2가 2200원,POLYGON,NORMAL,2200,0,2026-07-21,,0,2,2,237784;257468
성북구,237784,[길음역]길음역라와마라탕 1층,p797A,151748,[성북월곡]동소문동3가 1650원,POLYGON,NORMAL,1650,0,2026-07-21,,0,2,2,237784;257468
성북구,237784,[길음역]길음역라와마라탕 1층,p797A,151749,[성북월곡]동소문동4가 1650원,POLYGON,NORMAL,1650,0,2026-07-21,,0,2,2,237784;257468
성북구,237784,[길음역]길음역라와마라탕 1층,p797A,151751,[성북월곡]동소문동5가 1100원,POLYGON,NORMAL,1100,0,2026-07-21,,0,2,2,237784;257468
성북구,237784,[길음역]길음역라와마라탕 1층,p797A,151759,[성북월곡]성북동1가 2200원,POLYGON,NORMAL,2200,0,2026-07-21,,0,2,2,237784;257468
성북구,237784,[길음역]길음역라와마라탕 1층,p797A,151761,[성북월곡] 센터피스 550원,POLYGON,NORMAL,550,0,2026-07-21,,0,2,2,237784;257468
성북구,237784,[길음역]길음역라와마라탕 1층,p797A,151763,[성북월곡]전농동 6600원,POLYGON,NORMAL,6600,0,2026-07-21,,0,2,2,237784;257468
성북구,237784,[길음역]길음역라와마라탕 1층,p797A,151765,[성북월곡]성북동 4400,POLYGON,NORMAL,4400,0,2026-07-21,,0,2,2,237784;257468
성북구,237784,[길음역]길음역라와마라탕 1층,p797A,151767,[성북월곡]길음동 클라시아아파트550,POLYGON,NORMAL,550,0,2026-07-21,,0,2,2,237784;257468
성북구,237784,[길음역]길음역라와마라탕 1층,p797A,151768,[성북월곡] 월계동1구역 550원,POLYGON,NORMAL,550,0,2026-07-21,,0,2,2,237784;257468
성북구,237784,[길음역]길음역라와마라탕 1층,p797A,151769,[성북월곡]고려대학교 2구역 550원,POLYGON,NORMAL,550,0,2026-07-21,,0,2,2,237784;257468
성북구,237784,[길음역]길음역라와마라탕 1층,p797A,151770,"[성북월곡] 용두동 1,100원",POLYGON,NORMAL,1100,0,2026-07-21,,0,2,2,237784;257468
성북구,237784,[길음역]길음역라와마라탕 1층,p797A,151771,[성북월곡]이문동2구역 2200,POLYGON,NORMAL,2200,0,2026-07-21,,0,2,2,237784;257468
성북구,237784,[길음역]길음역라와마라탕 1층,p797A,151772,[성북월곡]고려대학교 1구역 550원,POLYGON,NORMAL,550,0,2026-07-21,,0,2,2,237784;257468
성북구,237784,[길음역]길음역라와마라탕 1층,p797A,151773,"[성북월곡] 공릉동 4,400원",POLYGON,NORMAL,4400,0,2026-07-21,,0,2,2,237784;257468
성북구,237784,[길음역]길음역라와마라탕 1층,p797A,151774,[성북월곡] 월계동2구역 1650원,POLYGON,NORMAL,1650,0,2026-07-21,,0,2,2,237784;257468
성북구,237784,[길음역]길음역라와마라탕 1층,p797A,151775,[성북월곡]이문동3구역 1100,POLYGON,NORMAL,1100,0,2026-07-21,,0,2,2,237784;257468
성북구,237784,[길음역]길음역라와마라탕 1층,p797A,151776,"[성북월곡] 한신한진 1,100원",POLYGON,NORMAL,1100,0,2026-07-21,,0,2,2,237784;257468
성북구,237784,[길음역]길음역라와마라탕 1층,p797A,151777,[성북월곡] 월계동3구역 1100원,POLYGON,NORMAL,1100,0,2026-07-21,,0,2,2,237784;257468
성북구,237784,[길음역]길음역라와마라탕 1층,p797A,151778,[성북월곡] 수유동9 3300원,POLYGON,NORMAL,3300,0,2026-07-21,,0,2,2,237784;257468
성북구,237784,[길음역]길음역라와마라탕 1층,p797A,151779,[성북월곡] 수유동8 3300원,POLYGON,NORMAL,3300,0,2026-07-21,,0,2,2,237784;257468
성북구,237784,[길음역]길음역라와마라탕 1층,p797A,151780,[성북월곡] 수유동7 3300원,POLYGON,NORMAL,3300,0,2026-07-21,,0,2,2,237784;257468
성북구,237784,[길음역]길음역라와마라탕 1층,p797A,151781,[성북월곡] 수유동6 1650원,POLYGON,NORMAL,1650,0,2026-07-21,,0,2,2,237784;257468
성북구,237784,[길음역]길음역라와마라탕 1층,p797A,151782,[성북월곡] 수유동5 1100원,POLYGON,NORMAL,1100,0,2026-07-21,,0,2,2,237784;257468
성북구,237784,[길음역]길음역라와마라탕 1층,p797A,151784,[성북월곡] 수유동4 4400원,POLYGON,NORMAL,4400,0,2026-07-21,,0,2,2,237784;257468
성북구,237784,[길음역]길음역라와마라탕 1층,p797A,151785,[성북월곡] 월계동4구역 2200원,POLYGON,NORMAL,2200,0,2026-07-21,,0,2,2,237784;257468
성북구,237784,[길음역]길음역라와마라탕 1층,p797A,151786,[성북월곡] 수유동3 1650원,POLYGON,NORMAL,1650,0,2026-07-21,,0,2,2,237784;257468
성북구,237784,[길음역]길음역라와마라탕 1층,p797A,151787,[성북월곡]카이스트 한예종 500원,POLYGON,NORMAL,550,0,2026-07-21,,0,2,2,237784;257468
성북구,237784,[길음역]길음역라와마라탕 1층,p797A,151788,[성북월곡] 수유동2 1100원,POLYGON,NORMAL,1100,0,2026-07-21,,0,2,2,237784;257468
성북구,237784,[길음역]길음역라와마라탕 1층,p797A,151789,[성북월곡]이문동1구역 1100,POLYGON,NORMAL,1100,0,2026-07-21,,0,1,1,237784
성북구,237784,[길음역]길음역라와마라탕 1층,p797A,151790,[성북월곡] 수유동1 550원,POLYGON,NORMAL,550,0,2026-07-21,,0,2,2,237784;257468
성동구,238259,파리바게뜨 왕십리무학점,p626A,151452,"미배차대응_7/13~_1,500",UNCONDITIONAL,NORMAL,0,1500,2026-07-13,2026-07-22,1,88,95,24206;24399;30129;30134;32622;32623;33132;34727;35690;36658;37420;38884;38887;41562;42275;51209;51418;53569;53665;54132;54136;54384;56033;56423;60739;60744;60745;60746;64859;65802;65839;66066;67216;67218;75515;76910;83936;97404;99998;118739;118976;118978;126086;126087;126090;126232;126809;129620;138769;142087;148221;151230;152747;158869;158870;160540;161138;166321;177147;177743;180586;181733;181735;181736;181737;181739;181741;185532;186220;191428;194980;196190;196198;203726;210158;212987;216683;228336;228523;231733;233915;236669;238259;243551;248795;249299;255575;262643
성동구,243551,슈퍼키친 신금호역점,p626A,10399,프라임 기상할증 550원,WEATHER,NORMAL,550,500,2020-01-28,,0,11,1473,35690;42272;97054;136884;136890;148362;180586;210158;243551;249299;255575
성동구,243551,슈퍼키친 신금호역점,p626A,151452,"미배차대응_7/13~_1,500",UNCONDITIONAL,NORMAL,0,1500,2026-07-13,2026-07-22,1,88,95,24206;24399;30129;30134;32622;32623;33132;34727;35690;36658;37420;38884;38887;41562;42275;51209;51418;53569;53665;54132;54136;54384;56033;56423;60739;60744;60745;60746;64859;65802;65839;66066;67216;67218;75515;76910;83936;97404;99998;118739;118976;118978;126086;126087;126090;126232;126809;129620;138769;142087;148221;151230;152747;158869;158870;160540;161138;166321;177147;177743;180586;181733;181735;181736;181737;181739;181741;185532;186220;191428;194980;196190;196198;203726;210158;212987;216683;228336;228523;231733;233915;236669;238259;243551;248795;249299;255575;262643
성동구,248795,빽다방 한양대점,p626A,7743,프라임 기상할증,WEATHER,NORMAL,550,500,2019-07-21,,0,7,1692,54384;95753;160712;177743;185532;248795;262643
성동구,248795,빽다방 한양대점,p626A,151452,"미배차대응_7/13~_1,500",UNCONDITIONAL,NORMAL,0,1500,2026-07-13,2026-07-22,1,88,95,24206;24399;30129;30134;32622;32623;33132;34727;35690;36658;37420;38884;38887;41562;42275;51209;51418;53569;53665;54132;54136;54384;56033;56423;60739;60744;60745;60746;64859;65802;65839;66066;67216;67218;75515;76910;83936;97404;99998;118739;118976;118978;126086;126087;126090;126232;126809;129620;138769;142087;148221;151230;152747;158869;158870;160540;161138;166321;177147;177743;180586;181733;181735;181736;181737;181739;181741;185532;186220;191428;194980;196190;196198;203726;210158;212987;216683;228336;228523;231733;233915;236669;238259;243551;248795;249299;255575;262643
성동구,248795,빽다방 한양대점,p626A,151710,프라임 심야할증,WEEKLY_HOURS,NORMAL,550,0,2026-07-21,,0,2,2,248795;262643
성동구,249299,GS더프레시 성동옥수점,p626A,10399,프라임 기상할증 550원,WEATHER,NORMAL,550,500,2020-01-28,,0,11,1473,35690;42272;97054;136884;136890;148362;180586;210158;243551;249299;255575
성동구,249299,GS더프레시 성동옥수점,p626A,151452,"미배차대응_7/13~_1,500",UNCONDITIONAL,NORMAL,0,1500,2026-07-13,2026-07-22,1,88,95,24206;24399;30129;30134;32622;32623;33132;34727;35690;36658;37420;38884;38887;41562;42275;51209;51418;53569;53665;54132;54136;54384;56033;56423;60739;60744;60745;60746;64859;65802;65839;66066;67216;67218;75515;76910;83936;97404;99998;118739;118976;118978;126086;126087;126090;126232;126809;129620;138769;142087;148221;151230;152747;158869;158870;160540;161138;166321;177147;177743;180586;181733;181735;181736;181737;181739;181741;185532;186220;191428;194980;196190;196198;203726;210158;212987;216683;228336;228523;231733;233915;236669;238259;243551;248795;249299;255575;262643
성동구,249299,GS더프레시 성동옥수점,p626A,151714,프라임 픽업할증_550원,UNCONDITIONAL,NORMAL,550,0,2026-07-21,,0,2,2,24399;249299
성동구,255575,GS25 마장세림점,p626A,10399,프라임 기상할증 550원,WEATHER,NORMAL,550,500,2020-01-28,,0,11,1473,35690;42272;97054;136884;136890;148362;180586;210158;243551;249299;255575
성동구,255575,GS25 마장세림점,p626A,151452,"미배차대응_7/13~_1,500",UNCONDITIONAL,NORMAL,0,1500,2026-07-13,2026-07-22,1,88,95,24206;24399;30129;30134;32622;32623;33132;34727;35690;36658;37420;38884;38887;41562;42275;51209;51418;53569;53665;54132;54136;54384;56033;56423;60739;60744;60745;60746;64859;65802;65839;66066;67216;67218;75515;76910;83936;97404;99998;118739;118976;118978;126086;126087;126090;126232;126809;129620;138769;142087;148221;151230;152747;158869;158870;160540;161138;166321;177147;177743;180586;181733;181735;181736;181737;181739;181741;185532;186220;191428;194980;196190;196198;203726;210158;212987;216683;228336;228523;231733;233915;236669;238259;243551;248795;249299;255575;262643
성북구,257468,[길음역]치킨매니아플러스 길음점,p797A,90056,[성북월곡]보문동2가 1100원,POLYGON,NORMAL,1100,1000,2024-07-01,,0,2,42,237784;257468
성북구,257468,[길음역]치킨매니아플러스 길음점,p797A,90064,[성북월곡]보문동6가 2200원,POLYGON,NORMAL,2200,2000,2024-07-01,,0,2,42,237784;257468
성북구,257468,[길음역]치킨매니아플러스 길음점,p797A,90279,[성북월곡] 기상할증 550원,WEATHER,NORMAL,550,500,2024-07-01,,0,2,42,237784;257468
성북구,257468,[길음역]치킨매니아플러스 길음점,p797A,133414,"[성북월곡] 제기,청량리 550원",POLYGON,NORMAL,550,500,2025-06-01,,0,1,22,257468
성북구,257468,[길음역]치킨매니아플러스 길음점,p797A,151708,[성북월곡] 야간할증 770원,WEEKLY_HOURS,NORMAL,770,0,2026-07-21,,0,3,3,97054;237784;257468
성북구,257468,[길음역]치킨매니아플러스 길음점,p797A,151728,[성북월곡]정릉동4구역 550원,POLYGON,NORMAL,550,0,2026-07-21,,0,2,2,237784;257468
성북구,257468,[길음역]치킨매니아플러스 길음점,p797A,151729,[성북월곡]정릉동3구역 1650,POLYGON,NORMAL,1650,0,2026-07-21,,0,2,2,237784;257468
성북구,257468,[길음역]치킨매니아플러스 길음점,p797A,151730,[성북월곡]삼선동1가 3300원,POLYGON,NORMAL,3300,0,2026-07-21,,0,2,2,237784;257468
성북구,257468,[길음역]치킨매니아플러스 길음점,p797A,151731,[성북월곡]삼선동2가 2200원,POLYGON,NORMAL,2200,0,2026-07-21,,0,2,2,237784;257468
성북구,257468,[길음역]치킨매니아플러스 길음점,p797A,151732,[성북월곡]삼선동3가 1650원,POLYGON,NORMAL,1650,0,2026-07-21,,0,2,2,237784;257468
성북구,257468,[길음역]치킨매니아플러스 길음점,p797A,151733,[성북월곡] 정릉동고려대 1구역550,POLYGON,NORMAL,550,0,2026-07-21,,0,2,2,237784;257468
성북구,257468,[길음역]치킨매니아플러스 길음점,p797A,151734,[성북월곡]삼선동4가 1650원,POLYGON,NORMAL,1650,0,2026-07-21,,0,2,2,237784;257468
성북구,257468,[길음역]치킨매니아플러스 길음점,p797A,151735,[성북월곡]삼선동5가 1650원,POLYGON,NORMAL,1650,0,2026-07-21,,0,2,2,237784;257468
성북구,257468,[길음역]치킨매니아플러스 길음점,p797A,151736,[성북월곡]보문동1가 1100원,POLYGON,NORMAL,1100,0,2026-07-21,,0,2,2,237784;257468
성북구,257468,[길음역]치킨매니아플러스 길음점,p797A,151737,[성북월곡]보문동2가 1100원,POLYGON,NORMAL,1100,0,2026-07-21,,0,2,2,237784;257468
성북구,257468,[길음역]치킨매니아플러스 길음점,p797A,151738,[성북월곡]보문동3가 2200원,POLYGON,NORMAL,2200,0,2026-07-21,,0,2,2,237784;257468
성북구,257468,[길음역]치킨매니아플러스 길음점,p797A,151739,"[성북월곡] 제기,청량리 1,100원",POLYGON,NORMAL,1100,0,2026-07-21,,0,2,2,237784;257468
성북구,257468,[길음역]치킨매니아플러스 길음점,p797A,151740,[성북월곡]정릉동508번지일대 550,POLYGON,NORMAL,550,0,2026-07-21,,0,2,2,237784;257468
성북구,257468,[길음역]치킨매니아플러스 길음점,p797A,151741,[성북월곡]보문동4가 1100원,POLYGON,NORMAL,1100,0,2026-07-21,,0,2,2,237784;257468
성북구,257468,[길음역]치킨매니아플러스 길음점,p797A,151742,"[성북월곡] 제기,청량리 550원",POLYGON,NORMAL,550,0,2026-07-21,,0,2,2,237784;257468
성북구,257468,[길음역]치킨매니아플러스 길음점,p797A,151743,[성북월곡]보문동5가 1100원,POLYGON,NORMAL,1100,0,2026-07-21,,0,2,2,237784;257468
성북구,257468,[길음역]치킨매니아플러스 길음점,p797A,151744,[성북월곡]보문동6가 2200원,POLYGON,NORMAL,2200,0,2026-07-21,,0,2,2,237784;257468
성북구,257468,[길음역]치킨매니아플러스 길음점,p797A,151745,[성북월곡]보문동7가 1100원,POLYGON,NORMAL,1100,0,2026-07-21,,0,2,2,237784;257468
성북구,257468,[길음역]치킨매니아플러스 길음점,p797A,151746,[성북월곡]동소문동1가 2200원,POLYGON,NORMAL,2200,0,2026-07-21,,0,2,2,237784;257468
성북구,257468,[길음역]치킨매니아플러스 길음점,p797A,151747,[성북월곡]동소문동2가 2200원,POLYGON,NORMAL,2200,0,2026-07-21,,0,2,2,237784;257468
성북구,257468,[길음역]치킨매니아플러스 길음점,p797A,151748,[성북월곡]동소문동3가 1650원,POLYGON,NORMAL,1650,0,2026-07-21,,0,2,2,237784;257468
성북구,257468,[길음역]치킨매니아플러스 길음점,p797A,151749,[성북월곡]동소문동4가 1650원,POLYGON,NORMAL,1650,0,2026-07-21,,0,2,2,237784;257468
성북구,257468,[길음역]치킨매니아플러스 길음점,p797A,151751,[성북월곡]동소문동5가 1100원,POLYGON,NORMAL,1100,0,2026-07-21,,0,2,2,237784;257468
성북구,257468,[길음역]치킨매니아플러스 길음점,p797A,151753,[성북월곡]동소문동6가 550원,POLYGON,NORMAL,550,0,2026-07-21,,0,1,1,257468
성북구,257468,[길음역]치킨매니아플러스 길음점,p797A,151754,[성북월곡]동소문동7가 550원,POLYGON,NORMAL,550,0,2026-07-21,,0,1,1,257468
성북구,257468,[길음역]치킨매니아플러스 길음점,p797A,151755,[성북월곡] 정릉동 청수장 770원,POLYGON,NORMAL,770,0,2026-07-21,,0,1,1,257468
성북구,257468,[길음역]치킨매니아플러스 길음점,p797A,151756,[성북월곡] 서경대학교 550원,POLYGON,NORMAL,550,0,2026-07-21,,0,1,1,257468
성북구,257468,[길음역]치킨매니아플러스 길음점,p797A,151757,[성북월곡] 대광아파트 770원,POLYGON,NORMAL,770,0,2026-07-21,,0,1,1,257468
성북구,257468,[길음역]치킨매니아플러스 길음점,p797A,151758,"[성북월곡] 코업스타 1,100원",POLYGON,NORMAL,1100,0,2026-07-21,,0,1,1,257468
성북구,257468,[길음역]치킨매니아플러스 길음점,p797A,151759,[성북월곡]성북동1가 2200원,POLYGON,NORMAL,2200,0,2026-07-21,,0,2,2,237784;257468
성북구,257468,[길음역]치킨매니아플러스 길음점,p797A,151761,[성북월곡] 센터피스 550원,POLYGON,NORMAL,550,0,2026-07-21,,0,2,2,237784;257468
성북구,257468,[길음역]치킨매니아플러스 길음점,p797A,151763,[성북월곡]전농동 6600원,POLYGON,NORMAL,6600,0,2026-07-21,,0,2,2,237784;257468
성북구,257468,[길음역]치킨매니아플러스 길음점,p797A,151765,[성북월곡]성북동 4400,POLYGON,NORMAL,4400,0,2026-07-21,,0,2,2,237784;257468
성북구,257468,[길음역]치킨매니아플러스 길음점,p797A,151767,[성북월곡]길음동 클라시아아파트550,POLYGON,NORMAL,550,0,2026-07-21,,0,2,2,237784;257468
성북구,257468,[길음역]치킨매니아플러스 길음점,p797A,151768,[성북월곡] 월계동1구역 550원,POLYGON,NORMAL,550,0,2026-07-21,,0,2,2,237784;257468
성북구,257468,[길음역]치킨매니아플러스 길음점,p797A,151769,[성북월곡]고려대학교 2구역 550원,POLYGON,NORMAL,550,0,2026-07-21,,0,2,2,237784;257468
성북구,257468,[길음역]치킨매니아플러스 길음점,p797A,151770,"[성북월곡] 용두동 1,100원",POLYGON,NORMAL,1100,0,2026-07-21,,0,2,2,237784;257468
성북구,257468,[길음역]치킨매니아플러스 길음점,p797A,151771,[성북월곡]이문동2구역 2200,POLYGON,NORMAL,2200,0,2026-07-21,,0,2,2,237784;257468
성북구,257468,[길음역]치킨매니아플러스 길음점,p797A,151772,[성북월곡]고려대학교 1구역 550원,POLYGON,NORMAL,550,0,2026-07-21,,0,2,2,237784;257468
성북구,257468,[길음역]치킨매니아플러스 길음점,p797A,151773,"[성북월곡] 공릉동 4,400원",POLYGON,NORMAL,4400,0,2026-07-21,,0,2,2,237784;257468
성북구,257468,[길음역]치킨매니아플러스 길음점,p797A,151774,[성북월곡] 월계동2구역 1650원,POLYGON,NORMAL,1650,0,2026-07-21,,0,2,2,237784;257468
성북구,257468,[길음역]치킨매니아플러스 길음점,p797A,151775,[성북월곡]이문동3구역 1100,POLYGON,NORMAL,1100,0,2026-07-21,,0,2,2,237784;257468
성북구,257468,[길음역]치킨매니아플러스 길음점,p797A,151776,"[성북월곡] 한신한진 1,100원",POLYGON,NORMAL,1100,0,2026-07-21,,0,2,2,237784;257468
성북구,257468,[길음역]치킨매니아플러스 길음점,p797A,151777,[성북월곡] 월계동3구역 1100원,POLYGON,NORMAL,1100,0,2026-07-21,,0,2,2,237784;257468
성북구,257468,[길음역]치킨매니아플러스 길음점,p797A,151778,[성북월곡] 수유동9 3300원,POLYGON,NORMAL,3300,0,2026-07-21,,0,2,2,237784;257468
성북구,257468,[길음역]치킨매니아플러스 길음점,p797A,151779,[성북월곡] 수유동8 3300원,POLYGON,NORMAL,3300,0,2026-07-21,,0,2,2,237784;257468
성북구,257468,[길음역]치킨매니아플러스 길음점,p797A,151780,[성북월곡] 수유동7 3300원,POLYGON,NORMAL,3300,0,2026-07-21,,0,2,2,237784;257468
성북구,257468,[길음역]치킨매니아플러스 길음점,p797A,151781,[성북월곡] 수유동6 1650원,POLYGON,NORMAL,1650,0,2026-07-21,,0,2,2,237784;257468
성북구,257468,[길음역]치킨매니아플러스 길음점,p797A,151782,[성북월곡] 수유동5 1100원,POLYGON,NORMAL,1100,0,2026-07-21,,0,2,2,237784;257468
성북구,257468,[길음역]치킨매니아플러스 길음점,p797A,151784,[성북월곡] 수유동4 4400원,POLYGON,NORMAL,4400,0,2026-07-21,,0,2,2,237784;257468
성북구,257468,[길음역]치킨매니아플러스 길음점,p797A,151785,[성북월곡] 월계동4구역 2200원,POLYGON,NORMAL,2200,0,2026-07-21,,0,2,2,237784;257468
성북구,257468,[길음역]치킨매니아플러스 길음점,p797A,151786,[성북월곡] 수유동3 1650원,POLYGON,NORMAL,1650,0,2026-07-21,,0,2,2,237784;257468
성북구,257468,[길음역]치킨매니아플러스 길음점,p797A,151787,[성북월곡]카이스트 한예종 500원,POLYGON,NORMAL,550,0,2026-07-21,,0,2,2,237784;257468
성북구,257468,[길음역]치킨매니아플러스 길음점,p797A,151788,[성북월곡] 수유동2 1100원,POLYGON,NORMAL,1100,0,2026-07-21,,0,2,2,237784;257468
성북구,257468,[길음역]치킨매니아플러스 길음점,p797A,151790,[성북월곡] 수유동1 550원,POLYGON,NORMAL,550,0,2026-07-21,,0,2,2,237784;257468
성동구,262643,KFC 신금호역점,p626A,7743,프라임 기상할증,WEATHER,NORMAL,550,500,2019-07-21,,0,7,1692,54384;95753;160712;177743;185532;248795;262643
성동구,262643,KFC 신금호역점,p626A,151452,"미배차대응_7/13~_1,500",UNCONDITIONAL,NORMAL,0,1500,2026-07-13,2026-07-22,1,88,95,24206;24399;30129;30134;32622;32623;33132;34727;35690;36658;37420;38884;38887;41562;42275;51209;51418;53569;53665;54132;54136;54384;56033;56423;60739;60744;60745;60746;64859;65802;65839;66066;67216;67218;75515;76910;83936;97404;99998;118739;118976;118978;126086;126087;126090;126232;126809;129620;138769;142087;148221;151230;152747;158869;158870;160540;161138;166321;177147;177743;180586;181733;181735;181736;181737;181739;181741;185532;186220;191428;194980;196190;196198;203726;210158;212987;216683;228336;228523;231733;233915;236669;238259;243551;248795;249299;255575;262643
성동구,262643,KFC 신금호역점,p626A,151710,프라임 심야할증,WEEKLY_HOURS,NORMAL,550,0,2026-07-21,,0,2,2,248795;262643
